ISO-10303-21;
HEADER;

FILE_DESCRIPTION((''), '2;1');

FILE_NAME(
    'output_file',
    '2009-06-07T17:44:47-07:00',
    (''),
    (''),
    'SolveSpace',
    '',
    ''
);

FILE_SCHEMA (('CONFIG_CONTROL_DESIGN'));
ENDSEC;

DATA;

/**********************************************************
 * This defines the units and tolerances for the file. It
 * is always the same, independent of the actual data.
 **********************************************************/
#158=(
LENGTH_UNIT()
NAMED_UNIT(*)
SI_UNIT(.MILLI.,.METRE.)
);
#161=(
NAMED_UNIT(*)
PLANE_ANGLE_UNIT()
SI_UNIT($,.RADIAN.)
);
#166=(
NAMED_UNIT(*)
SI_UNIT($,.STERADIAN.)
SOLID_ANGLE_UNIT()
);
#167=UNCERTAINTY_MEASURE_WITH_UNIT(LENGTH_MEASURE(0.001),#158,
'DISTANCE_ACCURACY_VALUE',
'string');
#168=(
GEOMETRIC_REPRESENTATION_CONTEXT(3)
GLOBAL_UNCERTAINTY_ASSIGNED_CONTEXT((#167))
GLOBAL_UNIT_ASSIGNED_CONTEXT((#166,#161,#158))
REPRESENTATION_CONTEXT('ID1','3D')
);
#169=SHAPE_REPRESENTATION('',(#170),#168);
#170=AXIS2_PLACEMENT_3D('',#173,#171,#172);
#171=DIRECTION('',(0.,0.,1.));
#172=DIRECTION('',(1.,0.,0.));
#173=CARTESIAN_POINT('',(0.,0.,0.));

#175 = SHAPE_DEFINITION_REPRESENTATION(#176, #169);
#176 = PRODUCT_DEFINITION_SHAPE('Version', 'Test Part', #177);
#177 = PRODUCT_DEFINITION('Version', 'Test Part', #182, #178);
#178 = DESIGN_CONTEXT('3D Mechanical Parts', #181, 'design');
#179 = PRODUCT('1', 'Product', 'Test Part', (#180));
#180 = MECHANICAL_CONTEXT('3D Mechanical Parts', #181, 'mechanical');
#181 = APPLICATION_CONTEXT(
'configuration controlled 3d designs of mechanical parts and assemblies');
#182 = PRODUCT_DEFINITION_FORMATION_WITH_SPECIFIED_SOURCE('Version',
'Test Part', #179, .MADE.);

#200=(
BOUNDED_SURFACE()
B_SPLINE_SURFACE(1,1,((#201,#202),(#203,#204)),.UNSPECIFIED.,.F.,.F.,.F.)
B_SPLINE_SURFACE_WITH_KNOTS((2,2),(2,2),(0.000,1.000),(0.000,1.000),.UNSPECIFIED.)
GEOMETRIC_REPRESENTATION_ITEM()
RATIONAL_B_SPLINE_SURFACE(((1.0000000000,1.0000000000),(1.0000000000,1.0000000000)))
REPRESENTATION_ITEM('')
SURFACE()
);
#201=CARTESIAN_POINT('',(0.0000000000,0.0000000000,3.2798848648));
#202=CARTESIAN_POINT('',(80.0000000000,0.0000000000,3.2798848648));
#203=CARTESIAN_POINT('',(0.0000000000,-59.3870000000,3.2798848648));
#204=CARTESIAN_POINT('',(80.0000000000,-59.3870000000,3.2798848648));

#205=CARTESIAN_POINT('',(0.0000000000,-59.3870000000,3.2798848648));
#206=VERTEX_POINT('',#205);
#207=(
BOUNDED_CURVE()
B_SPLINE_CURVE(1,(#208,#209),.UNSPECIFIED.,.F.,.F.)
B_SPLINE_CURVE_WITH_KNOTS((2,2),(0.000,1.000),.UNSPECIFIED.)
CURVE()
GEOMETRIC_REPRESENTATION_ITEM()
RATIONAL_B_SPLINE_CURVE((1.0000000000,1.0000000000))
REPRESENTATION_ITEM('')
);
#208=CARTESIAN_POINT('',(0.0000000000,-59.3870000000,3.2798848648));
#209=CARTESIAN_POINT('',(0.0000000000,0.0000000000,3.2798848648));

#210=CARTESIAN_POINT('',(0.0000000000,0.0000000000,3.2798848648));
#211=VERTEX_POINT('',#210);
#212=EDGE_CURVE('',#206,#211,#207,.T.);
#213=ORIENTED_EDGE('',*,*,#212,.T.);
#214=(
BOUNDED_CURVE()
B_SPLINE_CURVE(1,(#215,#216),.UNSPECIFIED.,.F.,.F.)
B_SPLINE_CURVE_WITH_KNOTS((2,2),(0.000,1.000),.UNSPECIFIED.)
CURVE()
GEOMETRIC_REPRESENTATION_ITEM()
RATIONAL_B_SPLINE_CURVE((1.0000000000,1.0000000000))
REPRESENTATION_ITEM('')
);
#215=CARTESIAN_POINT('',(0.0000000000,0.0000000000,3.2798848648));
#216=CARTESIAN_POINT('',(80.0000000000,0.0000000000,3.2798848648));

#217=CARTESIAN_POINT('',(80.0000000000,0.0000000000,3.2798848648));
#218=VERTEX_POINT('',#217);
#219=EDGE_CURVE('',#211,#218,#214,.T.);
#220=ORIENTED_EDGE('',*,*,#219,.T.);
#221=(
BOUNDED_CURVE()
B_SPLINE_CURVE(1,(#222,#223),.UNSPECIFIED.,.F.,.F.)
B_SPLINE_CURVE_WITH_KNOTS((2,2),(0.000,1.000),.UNSPECIFIED.)
CURVE()
GEOMETRIC_REPRESENTATION_ITEM()
RATIONAL_B_SPLINE_CURVE((1.0000000000,1.0000000000))
REPRESENTATION_ITEM('')
);
#222=CARTESIAN_POINT('',(80.0000000000,0.0000000000,3.2798848648));
#223=CARTESIAN_POINT('',(80.0000000000,-59.3870000000,3.2798848648));

#224=CARTESIAN_POINT('',(80.0000000000,-59.3870000000,3.2798848648));
#225=VERTEX_POINT('',#224);
#226=EDGE_CURVE('',#218,#225,#221,.T.);
#227=ORIENTED_EDGE('',*,*,#226,.T.);
#228=(
BOUNDED_CURVE()
B_SPLINE_CURVE(1,(#229,#230),.UNSPECIFIED.,.F.,.F.)
B_SPLINE_CURVE_WITH_KNOTS((2,2),(0.000,1.000),.UNSPECIFIED.)
CURVE()
GEOMETRIC_REPRESENTATION_ITEM()
RATIONAL_B_SPLINE_CURVE((1.0000000000,1.0000000000))
REPRESENTATION_ITEM('')
);
#229=CARTESIAN_POINT('',(80.0000000000,-59.3870000000,3.2798848648));
#230=CARTESIAN_POINT('',(0.0000000000,-59.3870000000,3.2798848648));

#231=EDGE_CURVE('',#225,#206,#228,.T.);
#232=ORIENTED_EDGE('',*,*,#231,.T.);
#233=EDGE_LOOP('',(#213,#220,#227,#232));
#234=FACE_OUTER_BOUND('',#233,.T.);
#235=CARTESIAN_POINT('',(2.4530025001,-4.2639308426,3.2798848648));
#236=VERTEX_POINT('',#235);
#237=(
BOUNDED_CURVE()
B_SPLINE_CURVE(2,(#238,#239,#240),.UNSPECIFIED.,.F.,.F.)
B_SPLINE_CURVE_WITH_KNOTS((3,3),(0.000,1.000),.UNSPECIFIED.)
CURVE()
GEOMETRIC_REPRESENTATION_ITEM()
RATIONAL_B_SPLINE_CURVE((1.0000000000,0.7071067812,1.0000000000))
REPRESENTATION_ITEM('')
);
#238=CARTESIAN_POINT('',(2.4530025002,-4.2639308426,3.2798848648));
#239=CARTESIAN_POINT('',(4.1301749226,-4.2639308425,3.2798848648));
#240=CARTESIAN_POINT('',(4.1301749226,-2.5867584201,3.2798848648));

#241=CARTESIAN_POINT('',(4.1301749226,-2.5867584201,3.2798848648));
#242=VERTEX_POINT('',#241);
#243=EDGE_CURVE('',#236,#242,#237,.T.);
#244=ORIENTED_EDGE('',*,*,#243,.T.);
#245=(
BOUNDED_CURVE()
B_SPLINE_CURVE(2,(#246,#247,#248),.UNSPECIFIED.,.F.,.F.)
B_SPLINE_CURVE_WITH_KNOTS((3,3),(0.000,1.000),.UNSPECIFIED.)
CURVE()
GEOMETRIC_REPRESENTATION_ITEM()
RATIONAL_B_SPLINE_CURVE((1.0000000000,0.7071067812,1.0000000000))
REPRESENTATION_ITEM('')
);
#246=CARTESIAN_POINT('',(4.1301749226,-2.5867584200,3.2798848648));
#247=CARTESIAN_POINT('',(4.1301749225,-0.9095859977,3.2798848648));
#248=CARTESIAN_POINT('',(2.4530025001,-0.9095859977,3.2798848648));

#249=CARTESIAN_POINT('',(2.4530025001,-0.9095859977,3.2798848648));
#250=VERTEX_POINT('',#249);
#251=EDGE_CURVE('',#242,#250,#245,.T.);
#252=ORIENTED_EDGE('',*,*,#251,.T.);
#253=(
BOUNDED_CURVE()
B_SPLINE_CURVE(2,(#254,#255,#256),.UNSPECIFIED.,.F.,.F.)
B_SPLINE_CURVE_WITH_KNOTS((3,3),(0.000,1.000),.UNSPECIFIED.)
CURVE()
GEOMETRIC_REPRESENTATION_ITEM()
RATIONAL_B_SPLINE_CURVE((1.0000000000,0.7071067812,1.0000000000))
REPRESENTATION_ITEM('')
);
#254=CARTESIAN_POINT('',(2.4530025001,-0.9095859977,3.2798848648));
#255=CARTESIAN_POINT('',(0.7758300777,-0.9095859978,3.2798848648));
#256=CARTESIAN_POINT('',(0.7758300777,-2.5867584201,3.2798848648));

#257=CARTESIAN_POINT('',(0.7758300777,-2.5867584201,3.2798848648));
#258=VERTEX_POINT('',#257);
#259=EDGE_CURVE('',#250,#258,#253,.T.);
#260=ORIENTED_EDGE('',*,*,#259,.T.);
#261=(
BOUNDED_CURVE()
B_SPLINE_CURVE(2,(#262,#263,#264),.UNSPECIFIED.,.F.,.F.)
B_SPLINE_CURVE_WITH_KNOTS((3,3),(0.000,1.000),.UNSPECIFIED.)
CURVE()
GEOMETRIC_REPRESENTATION_ITEM()
RATIONAL_B_SPLINE_CURVE((1.0000000000,0.7071067812,1.0000000000))
REPRESENTATION_ITEM('')
);
#262=CARTESIAN_POINT('',(0.7758300777,-2.5867584202,3.2798848648));
#263=CARTESIAN_POINT('',(0.7758300778,-4.2639308426,3.2798848648));
#264=CARTESIAN_POINT('',(2.4530025001,-4.2639308426,3.2798848648));

#265=EDGE_CURVE('',#258,#236,#261,.T.);
#266=ORIENTED_EDGE('',*,*,#265,.T.);
#267=EDGE_LOOP('',(#244,#252,#260,#266));
#268=FACE_BOUND('',#267,.T.);
#269=CARTESIAN_POINT('',(77.5703126517,-4.2676984441,3.2798848648));
#270=VERTEX_POINT('',#269);
#271=(
BOUNDED_CURVE()
B_SPLINE_CURVE(2,(#272,#273,#274),.UNSPECIFIED.,.F.,.F.)
B_SPLINE_CURVE_WITH_KNOTS((3,3),(0.000,1.000),.UNSPECIFIED.)
CURVE()
GEOMETRIC_REPRESENTATION_ITEM()
RATIONAL_B_SPLINE_CURVE((1.0000000000,0.7071067812,1.0000000000))
REPRESENTATION_ITEM('')
);
#272=CARTESIAN_POINT('',(77.5703126518,-4.2676984441,3.2798848648));
#273=CARTESIAN_POINT('',(79.2474850742,-4.2676984441,3.2798848648));
#274=CARTESIAN_POINT('',(79.2474850742,-2.5905260217,3.2798848648));

#275=CARTESIAN_POINT('',(79.2474850742,-2.5905260217,3.2798848648));
#276=VERTEX_POINT('',#275);
#277=EDGE_CURVE('',#270,#276,#271,.T.);
#278=ORIENTED_EDGE('',*,*,#277,.T.);
#279=(
BOUNDED_CURVE()
B_SPLINE_CURVE(2,(#280,#281,#282),.UNSPECIFIED.,.F.,.F.)
B_SPLINE_CURVE_WITH_KNOTS((3,3),(0.000,1.000),.UNSPECIFIED.)
CURVE()
GEOMETRIC_REPRESENTATION_ITEM()
RATIONAL_B_SPLINE_CURVE((1.0000000000,0.7071067812,1.0000000000))
REPRESENTATION_ITEM('')
);
#280=CARTESIAN_POINT('',(79.2474850742,-2.5905260216,3.2798848648));
#281=CARTESIAN_POINT('',(79.2474850741,-0.9133535993,3.2798848648));
#282=CARTESIAN_POINT('',(77.5703126517,-0.9133535993,3.2798848648));

#283=CARTESIAN_POINT('',(77.5703126517,-0.9133535993,3.2798848648));
#284=VERTEX_POINT('',#283);
#285=EDGE_CURVE('',#276,#284,#279,.T.);
#286=ORIENTED_EDGE('',*,*,#285,.T.);
#287=(
BOUNDED_CURVE()
B_SPLINE_CURVE(2,(#288,#289,#290),.UNSPECIFIED.,.F.,.F.)
B_SPLINE_CURVE_WITH_KNOTS((3,3),(0.000,1.000),.UNSPECIFIED.)
CURVE()
GEOMETRIC_REPRESENTATION_ITEM()
RATIONAL_B_SPLINE_CURVE((1.0000000000,0.7071067812,1.0000000000))
REPRESENTATION_ITEM('')
);
#288=CARTESIAN_POINT('',(77.5703126516,-0.9133535993,3.2798848648));
#289=CARTESIAN_POINT('',(75.8931402293,-0.9133535994,3.2798848648));
#290=CARTESIAN_POINT('',(75.8931402293,-2.5905260217,3.2798848648));

#291=CARTESIAN_POINT('',(75.8931402293,-2.5905260217,3.2798848648));
#292=VERTEX_POINT('',#291);
#293=EDGE_CURVE('',#284,#292,#287,.T.);
#294=ORIENTED_EDGE('',*,*,#293,.T.);
#295=(
BOUNDED_CURVE()
B_SPLINE_CURVE(2,(#296,#297,#298),.UNSPECIFIED.,.F.,.F.)
B_SPLINE_CURVE_WITH_KNOTS((3,3),(0.000,1.000),.UNSPECIFIED.)
CURVE()
GEOMETRIC_REPRESENTATION_ITEM()
RATIONAL_B_SPLINE_CURVE((1.0000000000,0.7071067812,1.0000000000))
REPRESENTATION_ITEM('')
);
#296=CARTESIAN_POINT('',(75.8931402293,-2.5905260218,3.2798848648));
#297=CARTESIAN_POINT('',(75.8931402294,-4.2676984441,3.2798848648));
#298=CARTESIAN_POINT('',(77.5703126517,-4.2676984441,3.2798848648));

#299=EDGE_CURVE('',#292,#270,#295,.T.);
#300=ORIENTED_EDGE('',*,*,#299,.T.);
#301=EDGE_LOOP('',(#278,#286,#294,#300));
#302=FACE_BOUND('',#301,.T.);
#303=CARTESIAN_POINT('',(2.3124709610,-58.8350025022,3.2798848648));
#304=VERTEX_POINT('',#303);
#305=(
BOUNDED_CURVE()
B_SPLINE_CURVE(2,(#306,#307,#308),.UNSPECIFIED.,.F.,.F.)
B_SPLINE_CURVE_WITH_KNOTS((3,3),(0.000,1.000),.UNSPECIFIED.)
CURVE()
GEOMETRIC_REPRESENTATION_ITEM()
RATIONAL_B_SPLINE_CURVE((1.0000000000,0.7071067812,1.0000000000))
REPRESENTATION_ITEM('')
);
#306=CARTESIAN_POINT('',(2.3124709610,-58.8350025022,3.2798848648));
#307=CARTESIAN_POINT('',(3.9896433834,-58.8350025021,3.2798848648));
#308=CARTESIAN_POINT('',(3.9896433834,-57.1578300798,3.2798848648));

#309=CARTESIAN_POINT('',(3.9896433834,-57.1578300798,3.2798848648));
#310=VERTEX_POINT('',#309);
#311=EDGE_CURVE('',#304,#310,#305,.T.);
#312=ORIENTED_EDGE('',*,*,#311,.T.);
#313=(
BOUNDED_CURVE()
B_SPLINE_CURVE(2,(#314,#315,#316),.UNSPECIFIED.,.F.,.F.)
B_SPLINE_CURVE_WITH_KNOTS((3,3),(0.000,1.000),.UNSPECIFIED.)
CURVE()
GEOMETRIC_REPRESENTATION_ITEM()
RATIONAL_B_SPLINE_CURVE((1.0000000000,0.7071067812,1.0000000000))
REPRESENTATION_ITEM('')
);
#314=CARTESIAN_POINT('',(3.9896433834,-57.1578300797,3.2798848648));
#315=CARTESIAN_POINT('',(3.9896433833,-55.4806576573,3.2798848648));
#316=CARTESIAN_POINT('',(2.3124709610,-55.4806576573,3.2798848648));

#317=CARTESIAN_POINT('',(2.3124709610,-55.4806576573,3.2798848648));
#318=VERTEX_POINT('',#317);
#319=EDGE_CURVE('',#310,#318,#313,.T.);
#320=ORIENTED_EDGE('',*,*,#319,.T.);
#321=(
BOUNDED_CURVE()
B_SPLINE_CURVE(2,(#322,#323,#324),.UNSPECIFIED.,.F.,.F.)
B_SPLINE_CURVE_WITH_KNOTS((3,3),(0.000,1.000),.UNSPECIFIED.)
CURVE()
GEOMETRIC_REPRESENTATION_ITEM()
RATIONAL_B_SPLINE_CURVE((1.0000000000,0.7071067812,1.0000000000))
REPRESENTATION_ITEM('')
);
#322=CARTESIAN_POINT('',(2.3124709609,-55.4806576573,3.2798848648));
#323=CARTESIAN_POINT('',(0.6352985385,-55.4806576574,3.2798848648));
#324=CARTESIAN_POINT('',(0.6352985385,-57.1578300798,3.2798848648));

#325=CARTESIAN_POINT('',(0.6352985385,-57.1578300798,3.2798848648));
#326=VERTEX_POINT('',#325);
#327=EDGE_CURVE('',#318,#326,#321,.T.);
#328=ORIENTED_EDGE('',*,*,#327,.T.);
#329=(
BOUNDED_CURVE()
B_SPLINE_CURVE(2,(#330,#331,#332),.UNSPECIFIED.,.F.,.F.)
B_SPLINE_CURVE_WITH_KNOTS((3,3),(0.000,1.000),.UNSPECIFIED.)
CURVE()
GEOMETRIC_REPRESENTATION_ITEM()
RATIONAL_B_SPLINE_CURVE((1.0000000000,0.7071067812,1.0000000000))
REPRESENTATION_ITEM('')
);
#330=CARTESIAN_POINT('',(0.6352985385,-57.1578300799,3.2798848648));
#331=CARTESIAN_POINT('',(0.6352985386,-58.8350025022,3.2798848648));
#332=CARTESIAN_POINT('',(2.3124709610,-58.8350025022,3.2798848648));

#333=EDGE_CURVE('',#326,#304,#329,.T.);
#334=ORIENTED_EDGE('',*,*,#333,.T.);
#335=EDGE_LOOP('',(#312,#320,#328,#334));
#336=FACE_BOUND('',#335,.T.);
#337=CARTESIAN_POINT('',(77.7191329144,-58.8022243684,3.2798848648));
#338=VERTEX_POINT('',#337);
#339=(
BOUNDED_CURVE()
B_SPLINE_CURVE(2,(#340,#341,#342),.UNSPECIFIED.,.F.,.F.)
B_SPLINE_CURVE_WITH_KNOTS((3,3),(0.000,1.000),.UNSPECIFIED.)
CURVE()
GEOMETRIC_REPRESENTATION_ITEM()
RATIONAL_B_SPLINE_CURVE((1.0000000000,0.7071067812,1.0000000000))
REPRESENTATION_ITEM('')
);
#340=CARTESIAN_POINT('',(77.7191329145,-58.8022243684,3.2798848648));
#341=CARTESIAN_POINT('',(79.3963053368,-58.8022243683,3.2798848648));
#342=CARTESIAN_POINT('',(79.3963053368,-57.1250519460,3.2798848648));

#343=CARTESIAN_POINT('',(79.3963053368,-57.1250519460,3.2798848648));
#344=VERTEX_POINT('',#343);
#345=EDGE_CURVE('',#338,#344,#339,.T.);
#346=ORIENTED_EDGE('',*,*,#345,.T.);
#347=(
BOUNDED_CURVE()
B_SPLINE_CURVE(2,(#348,#349,#350),.UNSPECIFIED.,.F.,.F.)
B_SPLINE_CURVE_WITH_KNOTS((3,3),(0.000,1.000),.UNSPECIFIED.)
CURVE()
GEOMETRIC_REPRESENTATION_ITEM()
RATIONAL_B_SPLINE_CURVE((1.0000000000,0.7071067812,1.0000000000))
REPRESENTATION_ITEM('')
);
#348=CARTESIAN_POINT('',(79.3963053368,-57.1250519459,3.2798848648));
#349=CARTESIAN_POINT('',(79.3963053367,-55.4478795235,3.2798848648));
#350=CARTESIAN_POINT('',(77.7191329144,-55.4478795235,3.2798848648));

#351=CARTESIAN_POINT('',(77.7191329144,-55.4478795235,3.2798848648));
#352=VERTEX_POINT('',#351);
#353=EDGE_CURVE('',#344,#352,#347,.T.);
#354=ORIENTED_EDGE('',*,*,#353,.T.);
#355=(
BOUNDED_CURVE()
B_SPLINE_CURVE(2,(#356,#357,#358),.UNSPECIFIED.,.F.,.F.)
B_SPLINE_CURVE_WITH_KNOTS((3,3),(0.000,1.000),.UNSPECIFIED.)
CURVE()
GEOMETRIC_REPRESENTATION_ITEM()
RATIONAL_B_SPLINE_CURVE((1.0000000000,0.7071067812,1.0000000000))
REPRESENTATION_ITEM('')
);
#356=CARTESIAN_POINT('',(77.7191329143,-55.4478795235,3.2798848648));
#357=CARTESIAN_POINT('',(76.0419604920,-55.4478795236,3.2798848648));
#358=CARTESIAN_POINT('',(76.0419604920,-57.1250519460,3.2798848648));

#359=CARTESIAN_POINT('',(76.0419604920,-57.1250519460,3.2798848648));
#360=VERTEX_POINT('',#359);
#361=EDGE_CURVE('',#352,#360,#355,.T.);
#362=ORIENTED_EDGE('',*,*,#361,.T.);
#363=(
BOUNDED_CURVE()
B_SPLINE_CURVE(2,(#364,#365,#366),.UNSPECIFIED.,.F.,.F.)
B_SPLINE_CURVE_WITH_KNOTS((3,3),(0.000,1.000),.UNSPECIFIED.)
CURVE()
GEOMETRIC_REPRESENTATION_ITEM()
RATIONAL_B_SPLINE_CURVE((1.0000000000,0.7071067812,1.0000000000))
REPRESENTATION_ITEM('')
);
#364=CARTESIAN_POINT('',(76.0419604920,-57.1250519461,3.2798848648));
#365=CARTESIAN_POINT('',(76.0419604920,-58.8022243684,3.2798848648));
#366=CARTESIAN_POINT('',(77.7191329144,-58.8022243684,3.2798848648));

#367=EDGE_CURVE('',#360,#338,#363,.T.);
#368=ORIENTED_EDGE('',*,*,#367,.T.);
#369=EDGE_LOOP('',(#346,#354,#362,#368));
#370=FACE_BOUND('',#369,.T.);
#371=ADVANCED_FACE('',(#234,#268,#302,#336,#370),#200,.T.);
#372=COLOUR_RGB('',0.39,0.39,0.39);
#373=FILL_AREA_STYLE_COLOUR('',#372);
#374=FILL_AREA_STYLE('',(#373));
#375=SURFACE_STYLE_FILL_AREA(#374);
#376=SURFACE_STYLE_TRANSPARENT(0.00);
#377=SURFACE_STYLE_RENDERING_WITH_PROPERTIES(.NORMAL_SHADING.,#372,(#376));
#378=SURFACE_SIDE_STYLE('',(#375, #377));
#379=SURFACE_STYLE_USAGE(.BOTH.,#378);
#380=PRESENTATION_STYLE_ASSIGNMENT((#379));
#381=STYLED_ITEM('',(#380),#371);

#382=(
BOUNDED_SURFACE()
B_SPLINE_SURFACE(1,1,((#383,#384),(#385,#386)),.UNSPECIFIED.,.F.,.F.,.F.)
B_SPLINE_SURFACE_WITH_KNOTS((2,2),(2,2),(0.000,1.000),(0.000,1.000),.UNSPECIFIED.)
GEOMETRIC_REPRESENTATION_ITEM()
RATIONAL_B_SPLINE_SURFACE(((1.0000000000,1.0000000000),(1.0000000000,1.0000000000)))
REPRESENTATION_ITEM('')
SURFACE()
);
#383=CARTESIAN_POINT('',(80.0000000000,0.0000000000,0.0000000000));
#384=CARTESIAN_POINT('',(0.0000000000,0.0000000000,0.0000000000));
#385=CARTESIAN_POINT('',(80.0000000000,-59.3870000000,0.0000000000));
#386=CARTESIAN_POINT('',(0.0000000000,-59.3870000000,0.0000000000));

#387=CARTESIAN_POINT('',(80.0000000000,-59.3870000000,0.0000000000));
#388=VERTEX_POINT('',#387);
#389=(
BOUNDED_CURVE()
B_SPLINE_CURVE(1,(#390,#391),.UNSPECIFIED.,.F.,.F.)
B_SPLINE_CURVE_WITH_KNOTS((2,2),(0.000,1.000),.UNSPECIFIED.)
CURVE()
GEOMETRIC_REPRESENTATION_ITEM()
RATIONAL_B_SPLINE_CURVE((1.0000000000,1.0000000000))
REPRESENTATION_ITEM('')
);
#390=CARTESIAN_POINT('',(80.0000000000,-59.3870000000,0.0000000000));
#391=CARTESIAN_POINT('',(80.0000000000,0.0000000000,0.0000000000));

#392=CARTESIAN_POINT('',(80.0000000000,0.0000000000,0.0000000000));
#393=VERTEX_POINT('',#392);
#394=EDGE_CURVE('',#388,#393,#389,.T.);
#395=ORIENTED_EDGE('',*,*,#394,.T.);
#396=(
BOUNDED_CURVE()
B_SPLINE_CURVE(1,(#397,#398),.UNSPECIFIED.,.F.,.F.)
B_SPLINE_CURVE_WITH_KNOTS((2,2),(0.000,1.000),.UNSPECIFIED.)
CURVE()
GEOMETRIC_REPRESENTATION_ITEM()
RATIONAL_B_SPLINE_CURVE((1.0000000000,1.0000000000))
REPRESENTATION_ITEM('')
);
#397=CARTESIAN_POINT('',(80.0000000000,0.0000000000,0.0000000000));
#398=CARTESIAN_POINT('',(0.0000000000,0.0000000000,0.0000000000));

#399=CARTESIAN_POINT('',(0.0000000000,0.0000000000,0.0000000000));
#400=VERTEX_POINT('',#399);
#401=EDGE_CURVE('',#393,#400,#396,.T.);
#402=ORIENTED_EDGE('',*,*,#401,.T.);
#403=(
BOUNDED_CURVE()
B_SPLINE_CURVE(1,(#404,#405),.UNSPECIFIED.,.F.,.F.)
B_SPLINE_CURVE_WITH_KNOTS((2,2),(0.000,1.000),.UNSPECIFIED.)
CURVE()
GEOMETRIC_REPRESENTATION_ITEM()
RATIONAL_B_SPLINE_CURVE((1.0000000000,1.0000000000))
REPRESENTATION_ITEM('')
);
#404=CARTESIAN_POINT('',(0.0000000000,0.0000000000,0.0000000000));
#405=CARTESIAN_POINT('',(0.0000000000,-59.3870000000,0.0000000000));

#406=CARTESIAN_POINT('',(0.0000000000,-59.3870000000,0.0000000000));
#407=VERTEX_POINT('',#406);
#408=EDGE_CURVE('',#400,#407,#403,.T.);
#409=ORIENTED_EDGE('',*,*,#408,.T.);
#410=(
BOUNDED_CURVE()
B_SPLINE_CURVE(1,(#411,#412),.UNSPECIFIED.,.F.,.F.)
B_SPLINE_CURVE_WITH_KNOTS((2,2),(0.000,1.000),.UNSPECIFIED.)
CURVE()
GEOMETRIC_REPRESENTATION_ITEM()
RATIONAL_B_SPLINE_CURVE((1.0000000000,1.0000000000))
REPRESENTATION_ITEM('')
);
#411=CARTESIAN_POINT('',(0.0000000000,-59.3870000000,0.0000000000));
#412=CARTESIAN_POINT('',(80.0000000000,-59.3870000000,0.0000000000));

#413=EDGE_CURVE('',#407,#388,#410,.T.);
#414=ORIENTED_EDGE('',*,*,#413,.T.);
#415=EDGE_LOOP('',(#395,#402,#409,#414));
#416=FACE_OUTER_BOUND('',#415,.T.);
#417=ADVANCED_FACE('',(#416),#382,.T.);
#418=COLOUR_RGB('',0.39,0.39,0.39);
#419=FILL_AREA_STYLE_COLOUR('',#418);
#420=FILL_AREA_STYLE('',(#419));
#421=SURFACE_STYLE_FILL_AREA(#420);
#422=SURFACE_STYLE_TRANSPARENT(0.00);
#423=SURFACE_STYLE_RENDERING_WITH_PROPERTIES(.NORMAL_SHADING.,#418,(#422));
#424=SURFACE_SIDE_STYLE('',(#421, #423));
#425=SURFACE_STYLE_USAGE(.BOTH.,#424);
#426=PRESENTATION_STYLE_ASSIGNMENT((#425));
#427=STYLED_ITEM('',(#426),#417);

#428=(
BOUNDED_SURFACE()
B_SPLINE_SURFACE(1,1,((#429,#430),(#431,#432)),.UNSPECIFIED.,.F.,.F.,.F.)
B_SPLINE_SURFACE_WITH_KNOTS((2,2),(2,2),(0.000,1.000),(0.000,1.000),.UNSPECIFIED.)
GEOMETRIC_REPRESENTATION_ITEM()
RATIONAL_B_SPLINE_SURFACE(((1.0000000000,1.0000000000),(1.0000000000,1.0000000000)))
REPRESENTATION_ITEM('')
SURFACE()
);
#429=CARTESIAN_POINT('',(80.0000000000,-59.3870000000,3.2798848648));
#430=CARTESIAN_POINT('',(80.0000000000,-59.3870000000,0.0000000000));
#431=CARTESIAN_POINT('',(0.0000000000,-59.3870000000,3.2798848648));
#432=CARTESIAN_POINT('',(0.0000000000,-59.3870000000,0.0000000000));

#433=CARTESIAN_POINT('',(80.0000000000,-59.3870000000,3.2798848648));
#434=VERTEX_POINT('',#433);
#435=(
BOUNDED_CURVE()
B_SPLINE_CURVE(1,(#436,#437),.UNSPECIFIED.,.F.,.F.)
B_SPLINE_CURVE_WITH_KNOTS((2,2),(0.000,1.000),.UNSPECIFIED.)
CURVE()
GEOMETRIC_REPRESENTATION_ITEM()
RATIONAL_B_SPLINE_CURVE((1.0000000000,1.0000000000))
REPRESENTATION_ITEM('')
);
#436=CARTESIAN_POINT('',(80.0000000000,-59.3870000000,3.2798848648));
#437=CARTESIAN_POINT('',(80.0000000000,-59.3870000000,0.0000000000));

#438=CARTESIAN_POINT('',(80.0000000000,-59.3870000000,0.0000000000));
#439=VERTEX_POINT('',#438);
#440=EDGE_CURVE('',#434,#439,#435,.T.);
#441=ORIENTED_EDGE('',*,*,#440,.T.);
#442=(
BOUNDED_CURVE()
B_SPLINE_CURVE(1,(#443,#444),.UNSPECIFIED.,.F.,.F.)
B_SPLINE_CURVE_WITH_KNOTS((2,2),(0.000,1.000),.UNSPECIFIED.)
CURVE()
GEOMETRIC_REPRESENTATION_ITEM()
RATIONAL_B_SPLINE_CURVE((1.0000000000,1.0000000000))
REPRESENTATION_ITEM('')
);
#443=CARTESIAN_POINT('',(80.0000000000,-59.3870000000,0.0000000000));
#444=CARTESIAN_POINT('',(0.0000000000,-59.3870000000,0.0000000000));

#445=CARTESIAN_POINT('',(0.0000000000,-59.3870000000,0.0000000000));
#446=VERTEX_POINT('',#445);
#447=EDGE_CURVE('',#439,#446,#442,.T.);
#448=ORIENTED_EDGE('',*,*,#447,.T.);
#449=(
BOUNDED_CURVE()
B_SPLINE_CURVE(1,(#450,#451),.UNSPECIFIED.,.F.,.F.)
B_SPLINE_CURVE_WITH_KNOTS((2,2),(0.000,1.000),.UNSPECIFIED.)
CURVE()
GEOMETRIC_REPRESENTATION_ITEM()
RATIONAL_B_SPLINE_CURVE((1.0000000000,1.0000000000))
REPRESENTATION_ITEM('')
);
#450=CARTESIAN_POINT('',(0.0000000000,-59.3870000000,0.0000000000));
#451=CARTESIAN_POINT('',(0.0000000000,-59.3870000000,3.2798848648));

#452=CARTESIAN_POINT('',(0.0000000000,-59.3870000000,3.2798848648));
#453=VERTEX_POINT('',#452);
#454=EDGE_CURVE('',#446,#453,#449,.T.);
#455=ORIENTED_EDGE('',*,*,#454,.T.);
#456=(
BOUNDED_CURVE()
B_SPLINE_CURVE(1,(#457,#458),.UNSPECIFIED.,.F.,.F.)
B_SPLINE_CURVE_WITH_KNOTS((2,2),(0.000,1.000),.UNSPECIFIED.)
CURVE()
GEOMETRIC_REPRESENTATION_ITEM()
RATIONAL_B_SPLINE_CURVE((1.0000000000,1.0000000000))
REPRESENTATION_ITEM('')
);
#457=CARTESIAN_POINT('',(0.0000000000,-59.3870000000,3.2798848648));
#458=CARTESIAN_POINT('',(80.0000000000,-59.3870000000,3.2798848648));

#459=EDGE_CURVE('',#453,#434,#456,.T.);
#460=ORIENTED_EDGE('',*,*,#459,.T.);
#461=EDGE_LOOP('',(#441,#448,#455,#460));
#462=FACE_OUTER_BOUND('',#461,.T.);
#463=ADVANCED_FACE('',(#462),#428,.T.);
#464=COLOUR_RGB('',0.39,0.39,0.39);
#465=FILL_AREA_STYLE_COLOUR('',#464);
#466=FILL_AREA_STYLE('',(#465));
#467=SURFACE_STYLE_FILL_AREA(#466);
#468=SURFACE_STYLE_TRANSPARENT(0.00);
#469=SURFACE_STYLE_RENDERING_WITH_PROPERTIES(.NORMAL_SHADING.,#464,(#468));
#470=SURFACE_SIDE_STYLE('',(#467, #469));
#471=SURFACE_STYLE_USAGE(.BOTH.,#470);
#472=PRESENTATION_STYLE_ASSIGNMENT((#471));
#473=STYLED_ITEM('',(#472),#463);

#474=(
BOUNDED_SURFACE()
B_SPLINE_SURFACE(1,1,((#475,#476),(#477,#478)),.UNSPECIFIED.,.F.,.F.,.F.)
B_SPLINE_SURFACE_WITH_KNOTS((2,2),(2,2),(0.000,1.000),(0.000,1.000),.UNSPECIFIED.)
GEOMETRIC_REPRESENTATION_ITEM()
RATIONAL_B_SPLINE_SURFACE(((1.0000000000,1.0000000000),(1.0000000000,1.0000000000)))
REPRESENTATION_ITEM('')
SURFACE()
);
#475=CARTESIAN_POINT('',(0.0000000000,-59.3870000000,3.2798848648));
#476=CARTESIAN_POINT('',(0.0000000000,-59.3870000000,0.0000000000));
#477=CARTESIAN_POINT('',(0.0000000000,0.0000000000,3.2798848648));
#478=CARTESIAN_POINT('',(0.0000000000,0.0000000000,0.0000000000));

#479=CARTESIAN_POINT('',(0.0000000000,-59.3870000000,3.2798848648));
#480=VERTEX_POINT('',#479);
#481=(
BOUNDED_CURVE()
B_SPLINE_CURVE(1,(#482,#483),.UNSPECIFIED.,.F.,.F.)
B_SPLINE_CURVE_WITH_KNOTS((2,2),(0.000,1.000),.UNSPECIFIED.)
CURVE()
GEOMETRIC_REPRESENTATION_ITEM()
RATIONAL_B_SPLINE_CURVE((1.0000000000,1.0000000000))
REPRESENTATION_ITEM('')
);
#482=CARTESIAN_POINT('',(0.0000000000,-59.3870000000,3.2798848648));
#483=CARTESIAN_POINT('',(0.0000000000,-59.3870000000,0.0000000000));

#484=CARTESIAN_POINT('',(0.0000000000,-59.3870000000,0.0000000000));
#485=VERTEX_POINT('',#484);
#486=EDGE_CURVE('',#480,#485,#481,.T.);
#487=ORIENTED_EDGE('',*,*,#486,.T.);
#488=(
BOUNDED_CURVE()
B_SPLINE_CURVE(1,(#489,#490),.UNSPECIFIED.,.F.,.F.)
B_SPLINE_CURVE_WITH_KNOTS((2,2),(0.000,1.000),.UNSPECIFIED.)
CURVE()
GEOMETRIC_REPRESENTATION_ITEM()
RATIONAL_B_SPLINE_CURVE((1.0000000000,1.0000000000))
REPRESENTATION_ITEM('')
);
#489=CARTESIAN_POINT('',(0.0000000000,-59.3870000000,0.0000000000));
#490=CARTESIAN_POINT('',(0.0000000000,0.0000000000,0.0000000000));

#491=CARTESIAN_POINT('',(0.0000000000,0.0000000000,0.0000000000));
#492=VERTEX_POINT('',#491);
#493=EDGE_CURVE('',#485,#492,#488,.T.);
#494=ORIENTED_EDGE('',*,*,#493,.T.);
#495=(
BOUNDED_CURVE()
B_SPLINE_CURVE(1,(#496,#497),.UNSPECIFIED.,.F.,.F.)
B_SPLINE_CURVE_WITH_KNOTS((2,2),(0.000,1.000),.UNSPECIFIED.)
CURVE()
GEOMETRIC_REPRESENTATION_ITEM()
RATIONAL_B_SPLINE_CURVE((1.0000000000,1.0000000000))
REPRESENTATION_ITEM('')
);
#496=CARTESIAN_POINT('',(0.0000000000,0.0000000000,0.0000000000));
#497=CARTESIAN_POINT('',(0.0000000000,0.0000000000,3.2798848648));

#498=CARTESIAN_POINT('',(0.0000000000,0.0000000000,3.2798848648));
#499=VERTEX_POINT('',#498);
#500=EDGE_CURVE('',#492,#499,#495,.T.);
#501=ORIENTED_EDGE('',*,*,#500,.T.);
#502=(
BOUNDED_CURVE()
B_SPLINE_CURVE(1,(#503,#504),.UNSPECIFIED.,.F.,.F.)
B_SPLINE_CURVE_WITH_KNOTS((2,2),(0.000,1.000),.UNSPECIFIED.)
CURVE()
GEOMETRIC_REPRESENTATION_ITEM()
RATIONAL_B_SPLINE_CURVE((1.0000000000,1.0000000000))
REPRESENTATION_ITEM('')
);
#503=CARTESIAN_POINT('',(0.0000000000,0.0000000000,3.2798848648));
#504=CARTESIAN_POINT('',(0.0000000000,-59.3870000000,3.2798848648));

#505=EDGE_CURVE('',#499,#480,#502,.T.);
#506=ORIENTED_EDGE('',*,*,#505,.T.);
#507=EDGE_LOOP('',(#487,#494,#501,#506));
#508=FACE_OUTER_BOUND('',#507,.T.);
#509=ADVANCED_FACE('',(#508),#474,.T.);
#510=COLOUR_RGB('',0.39,0.39,0.39);
#511=FILL_AREA_STYLE_COLOUR('',#510);
#512=FILL_AREA_STYLE('',(#511));
#513=SURFACE_STYLE_FILL_AREA(#512);
#514=SURFACE_STYLE_TRANSPARENT(0.00);
#515=SURFACE_STYLE_RENDERING_WITH_PROPERTIES(.NORMAL_SHADING.,#510,(#514));
#516=SURFACE_SIDE_STYLE('',(#513, #515));
#517=SURFACE_STYLE_USAGE(.BOTH.,#516);
#518=PRESENTATION_STYLE_ASSIGNMENT((#517));
#519=STYLED_ITEM('',(#518),#509);

#520=(
BOUNDED_SURFACE()
B_SPLINE_SURFACE(1,1,((#521,#522),(#523,#524)),.UNSPECIFIED.,.F.,.F.,.F.)
B_SPLINE_SURFACE_WITH_KNOTS((2,2),(2,2),(0.000,1.000),(0.000,1.000),.UNSPECIFIED.)
GEOMETRIC_REPRESENTATION_ITEM()
RATIONAL_B_SPLINE_SURFACE(((1.0000000000,1.0000000000),(1.0000000000,1.0000000000)))
REPRESENTATION_ITEM('')
SURFACE()
);
#521=CARTESIAN_POINT('',(0.0000000000,0.0000000000,3.2798848648));
#522=CARTESIAN_POINT('',(0.0000000000,0.0000000000,0.0000000000));
#523=CARTESIAN_POINT('',(80.0000000000,0.0000000000,3.2798848648));
#524=CARTESIAN_POINT('',(80.0000000000,0.0000000000,0.0000000000));

#525=CARTESIAN_POINT('',(0.0000000000,0.0000000000,3.2798848648));
#526=VERTEX_POINT('',#525);
#527=(
BOUNDED_CURVE()
B_SPLINE_CURVE(1,(#528,#529),.UNSPECIFIED.,.F.,.F.)
B_SPLINE_CURVE_WITH_KNOTS((2,2),(0.000,1.000),.UNSPECIFIED.)
CURVE()
GEOMETRIC_REPRESENTATION_ITEM()
RATIONAL_B_SPLINE_CURVE((1.0000000000,1.0000000000))
REPRESENTATION_ITEM('')
);
#528=CARTESIAN_POINT('',(0.0000000000,0.0000000000,3.2798848648));
#529=CARTESIAN_POINT('',(0.0000000000,0.0000000000,0.0000000000));

#530=CARTESIAN_POINT('',(0.0000000000,0.0000000000,0.0000000000));
#531=VERTEX_POINT('',#530);
#532=EDGE_CURVE('',#526,#531,#527,.T.);
#533=ORIENTED_EDGE('',*,*,#532,.T.);
#534=(
BOUNDED_CURVE()
B_SPLINE_CURVE(1,(#535,#536),.UNSPECIFIED.,.F.,.F.)
B_SPLINE_CURVE_WITH_KNOTS((2,2),(0.000,1.000),.UNSPECIFIED.)
CURVE()
GEOMETRIC_REPRESENTATION_ITEM()
RATIONAL_B_SPLINE_CURVE((1.0000000000,1.0000000000))
REPRESENTATION_ITEM('')
);
#535=CARTESIAN_POINT('',(0.0000000000,0.0000000000,0.0000000000));
#536=CARTESIAN_POINT('',(80.0000000000,0.0000000000,0.0000000000));

#537=CARTESIAN_POINT('',(80.0000000000,0.0000000000,0.0000000000));
#538=VERTEX_POINT('',#537);
#539=EDGE_CURVE('',#531,#538,#534,.T.);
#540=ORIENTED_EDGE('',*,*,#539,.T.);
#541=(
BOUNDED_CURVE()
B_SPLINE_CURVE(1,(#542,#543),.UNSPECIFIED.,.F.,.F.)
B_SPLINE_CURVE_WITH_KNOTS((2,2),(0.000,1.000),.UNSPECIFIED.)
CURVE()
GEOMETRIC_REPRESENTATION_ITEM()
RATIONAL_B_SPLINE_CURVE((1.0000000000,1.0000000000))
REPRESENTATION_ITEM('')
);
#542=CARTESIAN_POINT('',(80.0000000000,0.0000000000,0.0000000000));
#543=CARTESIAN_POINT('',(80.0000000000,0.0000000000,3.2798848648));

#544=CARTESIAN_POINT('',(80.0000000000,0.0000000000,3.2798848648));
#545=VERTEX_POINT('',#544);
#546=EDGE_CURVE('',#538,#545,#541,.T.);
#547=ORIENTED_EDGE('',*,*,#546,.T.);
#548=(
BOUNDED_CURVE()
B_SPLINE_CURVE(1,(#549,#550),.UNSPECIFIED.,.F.,.F.)
B_SPLINE_CURVE_WITH_KNOTS((2,2),(0.000,1.000),.UNSPECIFIED.)
CURVE()
GEOMETRIC_REPRESENTATION_ITEM()
RATIONAL_B_SPLINE_CURVE((1.0000000000,1.0000000000))
REPRESENTATION_ITEM('')
);
#549=CARTESIAN_POINT('',(80.0000000000,0.0000000000,3.2798848648));
#550=CARTESIAN_POINT('',(0.0000000000,0.0000000000,3.2798848648));

#551=EDGE_CURVE('',#545,#526,#548,.T.);
#552=ORIENTED_EDGE('',*,*,#551,.T.);
#553=EDGE_LOOP('',(#533,#540,#547,#552));
#554=FACE_OUTER_BOUND('',#553,.T.);
#555=ADVANCED_FACE('',(#554),#520,.T.);
#556=COLOUR_RGB('',0.39,0.39,0.39);
#557=FILL_AREA_STYLE_COLOUR('',#556);
#558=FILL_AREA_STYLE('',(#557));
#559=SURFACE_STYLE_FILL_AREA(#558);
#560=SURFACE_STYLE_TRANSPARENT(0.00);
#561=SURFACE_STYLE_RENDERING_WITH_PROPERTIES(.NORMAL_SHADING.,#556,(#560));
#562=SURFACE_SIDE_STYLE('',(#559, #561));
#563=SURFACE_STYLE_USAGE(.BOTH.,#562);
#564=PRESENTATION_STYLE_ASSIGNMENT((#563));
#565=STYLED_ITEM('',(#564),#555);

#566=(
BOUNDED_SURFACE()
B_SPLINE_SURFACE(1,1,((#567,#568),(#569,#570)),.UNSPECIFIED.,.F.,.F.,.F.)
B_SPLINE_SURFACE_WITH_KNOTS((2,2),(2,2),(0.000,1.000),(0.000,1.000),.UNSPECIFIED.)
GEOMETRIC_REPRESENTATION_ITEM()
RATIONAL_B_SPLINE_SURFACE(((1.0000000000,1.0000000000),(1.0000000000,1.0000000000)))
REPRESENTATION_ITEM('')
SURFACE()
);
#567=CARTESIAN_POINT('',(80.0000000000,0.0000000000,3.2798848648));
#568=CARTESIAN_POINT('',(80.0000000000,0.0000000000,0.0000000000));
#569=CARTESIAN_POINT('',(80.0000000000,-59.3870000000,3.2798848648));
#570=CARTESIAN_POINT('',(80.0000000000,-59.3870000000,0.0000000000));

#571=CARTESIAN_POINT('',(80.0000000000,0.0000000000,3.2798848648));
#572=VERTEX_POINT('',#571);
#573=(
BOUNDED_CURVE()
B_SPLINE_CURVE(1,(#574,#575),.UNSPECIFIED.,.F.,.F.)
B_SPLINE_CURVE_WITH_KNOTS((2,2),(0.000,1.000),.UNSPECIFIED.)
CURVE()
GEOMETRIC_REPRESENTATION_ITEM()
RATIONAL_B_SPLINE_CURVE((1.0000000000,1.0000000000))
REPRESENTATION_ITEM('')
);
#574=CARTESIAN_POINT('',(80.0000000000,0.0000000000,3.2798848648));
#575=CARTESIAN_POINT('',(80.0000000000,0.0000000000,0.0000000000));

#576=CARTESIAN_POINT('',(80.0000000000,0.0000000000,0.0000000000));
#577=VERTEX_POINT('',#576);
#578=EDGE_CURVE('',#572,#577,#573,.T.);
#579=ORIENTED_EDGE('',*,*,#578,.T.);
#580=(
BOUNDED_CURVE()
B_SPLINE_CURVE(1,(#581,#582),.UNSPECIFIED.,.F.,.F.)
B_SPLINE_CURVE_WITH_KNOTS((2,2),(0.000,1.000),.UNSPECIFIED.)
CURVE()
GEOMETRIC_REPRESENTATION_ITEM()
RATIONAL_B_SPLINE_CURVE((1.0000000000,1.0000000000))
REPRESENTATION_ITEM('')
);
#581=CARTESIAN_POINT('',(80.0000000000,0.0000000000,0.0000000000));
#582=CARTESIAN_POINT('',(80.0000000000,-59.3870000000,0.0000000000));

#583=CARTESIAN_POINT('',(80.0000000000,-59.3870000000,0.0000000000));
#584=VERTEX_POINT('',#583);
#585=EDGE_CURVE('',#577,#584,#580,.T.);
#586=ORIENTED_EDGE('',*,*,#585,.T.);
#587=(
BOUNDED_CURVE()
B_SPLINE_CURVE(1,(#588,#589),.UNSPECIFIED.,.F.,.F.)
B_SPLINE_CURVE_WITH_KNOTS((2,2),(0.000,1.000),.UNSPECIFIED.)
CURVE()
GEOMETRIC_REPRESENTATION_ITEM()
RATIONAL_B_SPLINE_CURVE((1.0000000000,1.0000000000))
REPRESENTATION_ITEM('')
);
#588=CARTESIAN_POINT('',(80.0000000000,-59.3870000000,0.0000000000));
#589=CARTESIAN_POINT('',(80.0000000000,-59.3870000000,3.2798848648));

#590=CARTESIAN_POINT('',(80.0000000000,-59.3870000000,3.2798848648));
#591=VERTEX_POINT('',#590);
#592=EDGE_CURVE('',#584,#591,#587,.T.);
#593=ORIENTED_EDGE('',*,*,#592,.T.);
#594=(
BOUNDED_CURVE()
B_SPLINE_CURVE(1,(#595,#596),.UNSPECIFIED.,.F.,.F.)
B_SPLINE_CURVE_WITH_KNOTS((2,2),(0.000,1.000),.UNSPECIFIED.)
CURVE()
GEOMETRIC_REPRESENTATION_ITEM()
RATIONAL_B_SPLINE_CURVE((1.0000000000,1.0000000000))
REPRESENTATION_ITEM('')
);
#595=CARTESIAN_POINT('',(80.0000000000,-59.3870000000,3.2798848648));
#596=CARTESIAN_POINT('',(80.0000000000,0.0000000000,3.2798848648));

#597=EDGE_CURVE('',#591,#572,#594,.T.);
#598=ORIENTED_EDGE('',*,*,#597,.T.);
#599=EDGE_LOOP('',(#579,#586,#593,#598));
#600=FACE_OUTER_BOUND('',#599,.T.);
#601=ADVANCED_FACE('',(#600),#566,.T.);
#602=COLOUR_RGB('',0.39,0.39,0.39);
#603=FILL_AREA_STYLE_COLOUR('',#602);
#604=FILL_AREA_STYLE('',(#603));
#605=SURFACE_STYLE_FILL_AREA(#604);
#606=SURFACE_STYLE_TRANSPARENT(0.00);
#607=SURFACE_STYLE_RENDERING_WITH_PROPERTIES(.NORMAL_SHADING.,#602,(#606));
#608=SURFACE_SIDE_STYLE('',(#605, #607));
#609=SURFACE_STYLE_USAGE(.BOTH.,#608);
#610=PRESENTATION_STYLE_ASSIGNMENT((#609));
#611=STYLED_ITEM('',(#610),#601);

#612=(
BOUNDED_SURFACE()
B_SPLINE_SURFACE(2,1,((#613,#614),(#615,#616),(#617,#618)),.UNSPECIFIED.,.F.,.F.,.F.)
B_SPLINE_SURFACE_WITH_KNOTS((3,3),(2,2),(0.000,1.000),(0.000,1.000),.UNSPECIFIED.)
GEOMETRIC_REPRESENTATION_ITEM()
RATIONAL_B_SPLINE_SURFACE(((1.0000000000,1.0000000000),(0.7071067812,0.7071067812),(1.0000000000,1.0000000000)))
REPRESENTATION_ITEM('')
SURFACE()
);
#613=CARTESIAN_POINT('',(4.1301749226,-2.5867584201,56.2870695251));
#614=CARTESIAN_POINT('',(4.1301749226,-2.5867584201,3.2798848648));
#615=CARTESIAN_POINT('',(4.1301749226,-4.2639308426,56.2870695251));
#616=CARTESIAN_POINT('',(4.1301749226,-4.2639308426,3.2798848648));
#617=CARTESIAN_POINT('',(2.4530025001,-4.2639308426,56.2870695251));
#618=CARTESIAN_POINT('',(2.4530025001,-4.2639308426,3.2798848648));

#619=CARTESIAN_POINT('',(2.4530025001,-4.2639308426,56.2870695251));
#620=VERTEX_POINT('',#619);
#621=(
BOUNDED_CURVE()
B_SPLINE_CURVE(2,(#622,#623,#624),.UNSPECIFIED.,.F.,.F.)
B_SPLINE_CURVE_WITH_KNOTS((3,3),(0.000,1.000),.UNSPECIFIED.)
CURVE()
GEOMETRIC_REPRESENTATION_ITEM()
RATIONAL_B_SPLINE_CURVE((1.0000000000,0.7071067812,1.0000000000))
REPRESENTATION_ITEM('')
);
#622=CARTESIAN_POINT('',(2.4530025002,-4.2639308426,56.2870695251));
#623=CARTESIAN_POINT('',(4.1301749226,-4.2639308425,56.2870695251));
#624=CARTESIAN_POINT('',(4.1301749226,-2.5867584201,56.2870695251));

#625=CARTESIAN_POINT('',(4.1301749226,-2.5867584201,56.2870695251));
#626=VERTEX_POINT('',#625);
#627=EDGE_CURVE('',#620,#626,#621,.T.);
#628=ORIENTED_EDGE('',*,*,#627,.T.);
#629=(
BOUNDED_CURVE()
B_SPLINE_CURVE(1,(#630,#631),.UNSPECIFIED.,.F.,.F.)
B_SPLINE_CURVE_WITH_KNOTS((2,2),(0.000,1.000),.UNSPECIFIED.)
CURVE()
GEOMETRIC_REPRESENTATION_ITEM()
RATIONAL_B_SPLINE_CURVE((1.0000000000,1.0000000000))
REPRESENTATION_ITEM('')
);
#630=CARTESIAN_POINT('',(4.1301749226,-2.5867584201,56.2870695251));
#631=CARTESIAN_POINT('',(4.1301749226,-2.5867584201,3.2798848648));

#632=CARTESIAN_POINT('',(4.1301749226,-2.5867584201,3.2798848648));
#633=VERTEX_POINT('',#632);
#634=EDGE_CURVE('',#626,#633,#629,.T.);
#635=ORIENTED_EDGE('',*,*,#634,.T.);
#636=(
BOUNDED_CURVE()
B_SPLINE_CURVE(2,(#637,#638,#639),.UNSPECIFIED.,.F.,.F.)
B_SPLINE_CURVE_WITH_KNOTS((3,3),(0.000,1.000),.UNSPECIFIED.)
CURVE()
GEOMETRIC_REPRESENTATION_ITEM()
RATIONAL_B_SPLINE_CURVE((1.0000000000,0.7071067812,1.0000000000))
REPRESENTATION_ITEM('')
);
#637=CARTESIAN_POINT('',(4.1301749226,-2.5867584201,3.2798848648));
#638=CARTESIAN_POINT('',(4.1301749226,-4.2639308425,3.2798848648));
#639=CARTESIAN_POINT('',(2.4530025002,-4.2639308426,3.2798848648));

#640=CARTESIAN_POINT('',(2.4530025002,-4.2639308426,3.2798848648));
#641=VERTEX_POINT('',#640);
#642=EDGE_CURVE('',#633,#641,#636,.T.);
#643=ORIENTED_EDGE('',*,*,#642,.T.);
#644=(
BOUNDED_CURVE()
B_SPLINE_CURVE(1,(#645,#646),.UNSPECIFIED.,.F.,.F.)
B_SPLINE_CURVE_WITH_KNOTS((2,2),(0.000,1.000),.UNSPECIFIED.)
CURVE()
GEOMETRIC_REPRESENTATION_ITEM()
RATIONAL_B_SPLINE_CURVE((1.0000000000,1.0000000000))
REPRESENTATION_ITEM('')
);
#645=CARTESIAN_POINT('',(2.4530025001,-4.2639308426,3.2798848648));
#646=CARTESIAN_POINT('',(2.4530025001,-4.2639308426,56.2870695251));

#647=EDGE_CURVE('',#641,#620,#644,.T.);
#648=ORIENTED_EDGE('',*,*,#647,.T.);
#649=EDGE_LOOP('',(#628,#635,#643,#648));
#650=FACE_OUTER_BOUND('',#649,.T.);
#651=ADVANCED_FACE('',(#650),#612,.T.);
#652=COLOUR_RGB('',0.39,0.39,0.39);
#653=FILL_AREA_STYLE_COLOUR('',#652);
#654=FILL_AREA_STYLE('',(#653));
#655=SURFACE_STYLE_FILL_AREA(#654);
#656=SURFACE_STYLE_TRANSPARENT(0.00);
#657=SURFACE_STYLE_RENDERING_WITH_PROPERTIES(.NORMAL_SHADING.,#652,(#656));
#658=SURFACE_SIDE_STYLE('',(#655, #657));
#659=SURFACE_STYLE_USAGE(.BOTH.,#658);
#660=PRESENTATION_STYLE_ASSIGNMENT((#659));
#661=STYLED_ITEM('',(#660),#651);

#662=(
BOUNDED_SURFACE()
B_SPLINE_SURFACE(2,1,((#663,#664),(#665,#666),(#667,#668)),.UNSPECIFIED.,.F.,.F.,.F.)
B_SPLINE_SURFACE_WITH_KNOTS((3,3),(2,2),(0.000,1.000),(0.000,1.000),.UNSPECIFIED.)
GEOMETRIC_REPRESENTATION_ITEM()
RATIONAL_B_SPLINE_SURFACE(((1.0000000000,1.0000000000),(0.7071067812,0.7071067812),(1.0000000000,1.0000000000)))
REPRESENTATION_ITEM('')
SURFACE()
);
#663=CARTESIAN_POINT('',(2.4530025001,-4.2639308426,56.2870695251));
#664=CARTESIAN_POINT('',(2.4530025001,-4.2639308426,3.2798848648));
#665=CARTESIAN_POINT('',(0.7758300777,-4.2639308426,56.2870695251));
#666=CARTESIAN_POINT('',(0.7758300777,-4.2639308426,3.2798848648));
#667=CARTESIAN_POINT('',(0.7758300777,-2.5867584201,56.2870695251));
#668=CARTESIAN_POINT('',(0.7758300777,-2.5867584201,3.2798848648));

#669=CARTESIAN_POINT('',(0.7758300777,-2.5867584201,56.2870695251));
#670=VERTEX_POINT('',#669);
#671=(
BOUNDED_CURVE()
B_SPLINE_CURVE(2,(#672,#673,#674),.UNSPECIFIED.,.F.,.F.)
B_SPLINE_CURVE_WITH_KNOTS((3,3),(0.000,1.000),.UNSPECIFIED.)
CURVE()
GEOMETRIC_REPRESENTATION_ITEM()
RATIONAL_B_SPLINE_CURVE((1.0000000000,0.7071067812,1.0000000000))
REPRESENTATION_ITEM('')
);
#672=CARTESIAN_POINT('',(0.7758300777,-2.5867584202,56.2870695251));
#673=CARTESIAN_POINT('',(0.7758300778,-4.2639308426,56.2870695251));
#674=CARTESIAN_POINT('',(2.4530025001,-4.2639308426,56.2870695251));

#675=CARTESIAN_POINT('',(2.4530025001,-4.2639308426,56.2870695251));
#676=VERTEX_POINT('',#675);
#677=EDGE_CURVE('',#670,#676,#671,.T.);
#678=ORIENTED_EDGE('',*,*,#677,.T.);
#679=(
BOUNDED_CURVE()
B_SPLINE_CURVE(1,(#680,#681),.UNSPECIFIED.,.F.,.F.)
B_SPLINE_CURVE_WITH_KNOTS((2,2),(0.000,1.000),.UNSPECIFIED.)
CURVE()
GEOMETRIC_REPRESENTATION_ITEM()
RATIONAL_B_SPLINE_CURVE((1.0000000000,1.0000000000))
REPRESENTATION_ITEM('')
);
#680=CARTESIAN_POINT('',(2.4530025001,-4.2639308426,56.2870695251));
#681=CARTESIAN_POINT('',(2.4530025001,-4.2639308426,3.2798848648));

#682=CARTESIAN_POINT('',(2.4530025001,-4.2639308426,3.2798848648));
#683=VERTEX_POINT('',#682);
#684=EDGE_CURVE('',#676,#683,#679,.T.);
#685=ORIENTED_EDGE('',*,*,#684,.T.);
#686=(
BOUNDED_CURVE()
B_SPLINE_CURVE(2,(#687,#688,#689),.UNSPECIFIED.,.F.,.F.)
B_SPLINE_CURVE_WITH_KNOTS((3,3),(0.000,1.000),.UNSPECIFIED.)
CURVE()
GEOMETRIC_REPRESENTATION_ITEM()
RATIONAL_B_SPLINE_CURVE((1.0000000000,0.7071067812,1.0000000000))
REPRESENTATION_ITEM('')
);
#687=CARTESIAN_POINT('',(2.4530025001,-4.2639308426,3.2798848648));
#688=CARTESIAN_POINT('',(0.7758300778,-4.2639308426,3.2798848648));
#689=CARTESIAN_POINT('',(0.7758300777,-2.5867584202,3.2798848648));

#690=CARTESIAN_POINT('',(0.7758300777,-2.5867584202,3.2798848648));
#691=VERTEX_POINT('',#690);
#692=EDGE_CURVE('',#683,#691,#686,.T.);
#693=ORIENTED_EDGE('',*,*,#692,.T.);
#694=(
BOUNDED_CURVE()
B_SPLINE_CURVE(1,(#695,#696),.UNSPECIFIED.,.F.,.F.)
B_SPLINE_CURVE_WITH_KNOTS((2,2),(0.000,1.000),.UNSPECIFIED.)
CURVE()
GEOMETRIC_REPRESENTATION_ITEM()
RATIONAL_B_SPLINE_CURVE((1.0000000000,1.0000000000))
REPRESENTATION_ITEM('')
);
#695=CARTESIAN_POINT('',(0.7758300777,-2.5867584201,3.2798848648));
#696=CARTESIAN_POINT('',(0.7758300777,-2.5867584201,56.2870695251));

#697=EDGE_CURVE('',#691,#670,#694,.T.);
#698=ORIENTED_EDGE('',*,*,#697,.T.);
#699=EDGE_LOOP('',(#678,#685,#693,#698));
#700=FACE_OUTER_BOUND('',#699,.T.);
#701=ADVANCED_FACE('',(#700),#662,.T.);
#702=COLOUR_RGB('',0.39,0.39,0.39);
#703=FILL_AREA_STYLE_COLOUR('',#702);
#704=FILL_AREA_STYLE('',(#703));
#705=SURFACE_STYLE_FILL_AREA(#704);
#706=SURFACE_STYLE_TRANSPARENT(0.00);
#707=SURFACE_STYLE_RENDERING_WITH_PROPERTIES(.NORMAL_SHADING.,#702,(#706));
#708=SURFACE_SIDE_STYLE('',(#705, #707));
#709=SURFACE_STYLE_USAGE(.BOTH.,#708);
#710=PRESENTATION_STYLE_ASSIGNMENT((#709));
#711=STYLED_ITEM('',(#710),#701);

#712=(
BOUNDED_SURFACE()
B_SPLINE_SURFACE(2,1,((#713,#714),(#715,#716),(#717,#718)),.UNSPECIFIED.,.F.,.F.,.F.)
B_SPLINE_SURFACE_WITH_KNOTS((3,3),(2,2),(0.000,1.000),(0.000,1.000),.UNSPECIFIED.)
GEOMETRIC_REPRESENTATION_ITEM()
RATIONAL_B_SPLINE_SURFACE(((1.0000000000,1.0000000000),(0.7071067812,0.7071067812),(1.0000000000,1.0000000000)))
REPRESENTATION_ITEM('')
SURFACE()
);
#713=CARTESIAN_POINT('',(0.7758300777,-2.5867584201,56.2870695251));
#714=CARTESIAN_POINT('',(0.7758300777,-2.5867584201,3.2798848648));
#715=CARTESIAN_POINT('',(0.7758300777,-0.9095859977,56.2870695251));
#716=CARTESIAN_POINT('',(0.7758300777,-0.9095859977,3.2798848648));
#717=CARTESIAN_POINT('',(2.4530025001,-0.9095859977,56.2870695251));
#718=CARTESIAN_POINT('',(2.4530025001,-0.9095859977,3.2798848648));

#719=CARTESIAN_POINT('',(2.4530025001,-0.9095859977,56.2870695251));
#720=VERTEX_POINT('',#719);
#721=(
BOUNDED_CURVE()
B_SPLINE_CURVE(2,(#722,#723,#724),.UNSPECIFIED.,.F.,.F.)
B_SPLINE_CURVE_WITH_KNOTS((3,3),(0.000,1.000),.UNSPECIFIED.)
CURVE()
GEOMETRIC_REPRESENTATION_ITEM()
RATIONAL_B_SPLINE_CURVE((1.0000000000,0.7071067812,1.0000000000))
REPRESENTATION_ITEM('')
);
#722=CARTESIAN_POINT('',(2.4530025001,-0.9095859977,56.2870695251));
#723=CARTESIAN_POINT('',(0.7758300777,-0.9095859978,56.2870695251));
#724=CARTESIAN_POINT('',(0.7758300777,-2.5867584201,56.2870695251));

#725=CARTESIAN_POINT('',(0.7758300777,-2.5867584201,56.2870695251));
#726=VERTEX_POINT('',#725);
#727=EDGE_CURVE('',#720,#726,#721,.T.);
#728=ORIENTED_EDGE('',*,*,#727,.T.);
#729=(
BOUNDED_CURVE()
B_SPLINE_CURVE(1,(#730,#731),.UNSPECIFIED.,.F.,.F.)
B_SPLINE_CURVE_WITH_KNOTS((2,2),(0.000,1.000),.UNSPECIFIED.)
CURVE()
GEOMETRIC_REPRESENTATION_ITEM()
RATIONAL_B_SPLINE_CURVE((1.0000000000,1.0000000000))
REPRESENTATION_ITEM('')
);
#730=CARTESIAN_POINT('',(0.7758300777,-2.5867584201,56.2870695251));
#731=CARTESIAN_POINT('',(0.7758300777,-2.5867584201,3.2798848648));

#732=CARTESIAN_POINT('',(0.7758300777,-2.5867584201,3.2798848648));
#733=VERTEX_POINT('',#732);
#734=EDGE_CURVE('',#726,#733,#729,.T.);
#735=ORIENTED_EDGE('',*,*,#734,.T.);
#736=(
BOUNDED_CURVE()
B_SPLINE_CURVE(2,(#737,#738,#739),.UNSPECIFIED.,.F.,.F.)
B_SPLINE_CURVE_WITH_KNOTS((3,3),(0.000,1.000),.UNSPECIFIED.)
CURVE()
GEOMETRIC_REPRESENTATION_ITEM()
RATIONAL_B_SPLINE_CURVE((1.0000000000,0.7071067812,1.0000000000))
REPRESENTATION_ITEM('')
);
#737=CARTESIAN_POINT('',(0.7758300777,-2.5867584201,3.2798848648));
#738=CARTESIAN_POINT('',(0.7758300777,-0.9095859978,3.2798848648));
#739=CARTESIAN_POINT('',(2.4530025001,-0.9095859977,3.2798848648));

#740=CARTESIAN_POINT('',(2.4530025001,-0.9095859977,3.2798848648));
#741=VERTEX_POINT('',#740);
#742=EDGE_CURVE('',#733,#741,#736,.T.);
#743=ORIENTED_EDGE('',*,*,#742,.T.);
#744=(
BOUNDED_CURVE()
B_SPLINE_CURVE(1,(#745,#746),.UNSPECIFIED.,.F.,.F.)
B_SPLINE_CURVE_WITH_KNOTS((2,2),(0.000,1.000),.UNSPECIFIED.)
CURVE()
GEOMETRIC_REPRESENTATION_ITEM()
RATIONAL_B_SPLINE_CURVE((1.0000000000,1.0000000000))
REPRESENTATION_ITEM('')
);
#745=CARTESIAN_POINT('',(2.4530025001,-0.9095859977,3.2798848648));
#746=CARTESIAN_POINT('',(2.4530025001,-0.9095859977,56.2870695251));

#747=EDGE_CURVE('',#741,#720,#744,.T.);
#748=ORIENTED_EDGE('',*,*,#747,.T.);
#749=EDGE_LOOP('',(#728,#735,#743,#748));
#750=FACE_OUTER_BOUND('',#749,.T.);
#751=ADVANCED_FACE('',(#750),#712,.T.);
#752=COLOUR_RGB('',0.39,0.39,0.39);
#753=FILL_AREA_STYLE_COLOUR('',#752);
#754=FILL_AREA_STYLE('',(#753));
#755=SURFACE_STYLE_FILL_AREA(#754);
#756=SURFACE_STYLE_TRANSPARENT(0.00);
#757=SURFACE_STYLE_RENDERING_WITH_PROPERTIES(.NORMAL_SHADING.,#752,(#756));
#758=SURFACE_SIDE_STYLE('',(#755, #757));
#759=SURFACE_STYLE_USAGE(.BOTH.,#758);
#760=PRESENTATION_STYLE_ASSIGNMENT((#759));
#761=STYLED_ITEM('',(#760),#751);

#762=(
BOUNDED_SURFACE()
B_SPLINE_SURFACE(2,1,((#763,#764),(#765,#766),(#767,#768)),.UNSPECIFIED.,.F.,.F.,.F.)
B_SPLINE_SURFACE_WITH_KNOTS((3,3),(2,2),(0.000,1.000),(0.000,1.000),.UNSPECIFIED.)
GEOMETRIC_REPRESENTATION_ITEM()
RATIONAL_B_SPLINE_SURFACE(((1.0000000000,1.0000000000),(0.7071067812,0.7071067812),(1.0000000000,1.0000000000)))
REPRESENTATION_ITEM('')
SURFACE()
);
#763=CARTESIAN_POINT('',(2.4530025001,-0.9095859977,56.2870695251));
#764=CARTESIAN_POINT('',(2.4530025001,-0.9095859977,3.2798848648));
#765=CARTESIAN_POINT('',(4.1301749226,-0.9095859977,56.2870695251));
#766=CARTESIAN_POINT('',(4.1301749226,-0.9095859977,3.2798848648));
#767=CARTESIAN_POINT('',(4.1301749226,-2.5867584201,56.2870695251));
#768=CARTESIAN_POINT('',(4.1301749226,-2.5867584201,3.2798848648));

#769=CARTESIAN_POINT('',(4.1301749226,-2.5867584201,56.2870695251));
#770=VERTEX_POINT('',#769);
#771=(
BOUNDED_CURVE()
B_SPLINE_CURVE(2,(#772,#773,#774),.UNSPECIFIED.,.F.,.F.)
B_SPLINE_CURVE_WITH_KNOTS((3,3),(0.000,1.000),.UNSPECIFIED.)
CURVE()
GEOMETRIC_REPRESENTATION_ITEM()
RATIONAL_B_SPLINE_CURVE((1.0000000000,0.7071067812,1.0000000000))
REPRESENTATION_ITEM('')
);
#772=CARTESIAN_POINT('',(4.1301749226,-2.5867584200,56.2870695251));
#773=CARTESIAN_POINT('',(4.1301749225,-0.9095859977,56.2870695251));
#774=CARTESIAN_POINT('',(2.4530025001,-0.9095859977,56.2870695251));

#775=CARTESIAN_POINT('',(2.4530025001,-0.9095859977,56.2870695251));
#776=VERTEX_POINT('',#775);
#777=EDGE_CURVE('',#770,#776,#771,.T.);
#778=ORIENTED_EDGE('',*,*,#777,.T.);
#779=(
BOUNDED_CURVE()
B_SPLINE_CURVE(1,(#780,#781),.UNSPECIFIED.,.F.,.F.)
B_SPLINE_CURVE_WITH_KNOTS((2,2),(0.000,1.000),.UNSPECIFIED.)
CURVE()
GEOMETRIC_REPRESENTATION_ITEM()
RATIONAL_B_SPLINE_CURVE((1.0000000000,1.0000000000))
REPRESENTATION_ITEM('')
);
#780=CARTESIAN_POINT('',(2.4530025001,-0.9095859977,56.2870695251));
#781=CARTESIAN_POINT('',(2.4530025001,-0.9095859977,3.2798848648));

#782=CARTESIAN_POINT('',(2.4530025001,-0.9095859977,3.2798848648));
#783=VERTEX_POINT('',#782);
#784=EDGE_CURVE('',#776,#783,#779,.T.);
#785=ORIENTED_EDGE('',*,*,#784,.T.);
#786=(
BOUNDED_CURVE()
B_SPLINE_CURVE(2,(#787,#788,#789),.UNSPECIFIED.,.F.,.F.)
B_SPLINE_CURVE_WITH_KNOTS((3,3),(0.000,1.000),.UNSPECIFIED.)
CURVE()
GEOMETRIC_REPRESENTATION_ITEM()
RATIONAL_B_SPLINE_CURVE((1.0000000000,0.7071067812,1.0000000000))
REPRESENTATION_ITEM('')
);
#787=CARTESIAN_POINT('',(2.4530025001,-0.9095859977,3.2798848648));
#788=CARTESIAN_POINT('',(4.1301749225,-0.9095859977,3.2798848648));
#789=CARTESIAN_POINT('',(4.1301749226,-2.5867584200,3.2798848648));

#790=CARTESIAN_POINT('',(4.1301749226,-2.5867584200,3.2798848648));
#791=VERTEX_POINT('',#790);
#792=EDGE_CURVE('',#783,#791,#786,.T.);
#793=ORIENTED_EDGE('',*,*,#792,.T.);
#794=(
BOUNDED_CURVE()
B_SPLINE_CURVE(1,(#795,#796),.UNSPECIFIED.,.F.,.F.)
B_SPLINE_CURVE_WITH_KNOTS((2,2),(0.000,1.000),.UNSPECIFIED.)
CURVE()
GEOMETRIC_REPRESENTATION_ITEM()
RATIONAL_B_SPLINE_CURVE((1.0000000000,1.0000000000))
REPRESENTATION_ITEM('')
);
#795=CARTESIAN_POINT('',(4.1301749226,-2.5867584201,3.2798848648));
#796=CARTESIAN_POINT('',(4.1301749226,-2.5867584201,56.2870695251));

#797=EDGE_CURVE('',#791,#770,#794,.T.);
#798=ORIENTED_EDGE('',*,*,#797,.T.);
#799=EDGE_LOOP('',(#778,#785,#793,#798));
#800=FACE_OUTER_BOUND('',#799,.T.);
#801=ADVANCED_FACE('',(#800),#762,.T.);
#802=COLOUR_RGB('',0.39,0.39,0.39);
#803=FILL_AREA_STYLE_COLOUR('',#802);
#804=FILL_AREA_STYLE('',(#803));
#805=SURFACE_STYLE_FILL_AREA(#804);
#806=SURFACE_STYLE_TRANSPARENT(0.00);
#807=SURFACE_STYLE_RENDERING_WITH_PROPERTIES(.NORMAL_SHADING.,#802,(#806));
#808=SURFACE_SIDE_STYLE('',(#805, #807));
#809=SURFACE_STYLE_USAGE(.BOTH.,#808);
#810=PRESENTATION_STYLE_ASSIGNMENT((#809));
#811=STYLED_ITEM('',(#810),#801);

#812=(
BOUNDED_SURFACE()
B_SPLINE_SURFACE(2,1,((#813,#814),(#815,#816),(#817,#818)),.UNSPECIFIED.,.F.,.F.,.F.)
B_SPLINE_SURFACE_WITH_KNOTS((3,3),(2,2),(0.000,1.000),(0.000,1.000),.UNSPECIFIED.)
GEOMETRIC_REPRESENTATION_ITEM()
RATIONAL_B_SPLINE_SURFACE(((1.0000000000,1.0000000000),(0.7071067812,0.7071067812),(1.0000000000,1.0000000000)))
REPRESENTATION_ITEM('')
SURFACE()
);
#813=CARTESIAN_POINT('',(79.2474850742,-2.5905260217,56.2870695251));
#814=CARTESIAN_POINT('',(79.2474850742,-2.5905260217,3.2798848648));
#815=CARTESIAN_POINT('',(79.2474850742,-4.2676984441,56.2870695251));
#816=CARTESIAN_POINT('',(79.2474850742,-4.2676984441,3.2798848648));
#817=CARTESIAN_POINT('',(77.5703126517,-4.2676984441,56.2870695251));
#818=CARTESIAN_POINT('',(77.5703126517,-4.2676984441,3.2798848648));

#819=CARTESIAN_POINT('',(77.5703126517,-4.2676984441,56.2870695251));
#820=VERTEX_POINT('',#819);
#821=(
BOUNDED_CURVE()
B_SPLINE_CURVE(2,(#822,#823,#824),.UNSPECIFIED.,.F.,.F.)
B_SPLINE_CURVE_WITH_KNOTS((3,3),(0.000,1.000),.UNSPECIFIED.)
CURVE()
GEOMETRIC_REPRESENTATION_ITEM()
RATIONAL_B_SPLINE_CURVE((1.0000000000,0.7071067812,1.0000000000))
REPRESENTATION_ITEM('')
);
#822=CARTESIAN_POINT('',(77.5703126518,-4.2676984441,56.2870695251));
#823=CARTESIAN_POINT('',(79.2474850742,-4.2676984441,56.2870695251));
#824=CARTESIAN_POINT('',(79.2474850742,-2.5905260217,56.2870695251));

#825=CARTESIAN_POINT('',(79.2474850742,-2.5905260217,56.2870695251));
#826=VERTEX_POINT('',#825);
#827=EDGE_CURVE('',#820,#826,#821,.T.);
#828=ORIENTED_EDGE('',*,*,#827,.T.);
#829=(
BOUNDED_CURVE()
B_SPLINE_CURVE(1,(#830,#831),.UNSPECIFIED.,.F.,.F.)
B_SPLINE_CURVE_WITH_KNOTS((2,2),(0.000,1.000),.UNSPECIFIED.)
CURVE()
GEOMETRIC_REPRESENTATION_ITEM()
RATIONAL_B_SPLINE_CURVE((1.0000000000,1.0000000000))
REPRESENTATION_ITEM('')
);
#830=CARTESIAN_POINT('',(79.2474850742,-2.5905260217,56.2870695251));
#831=CARTESIAN_POINT('',(79.2474850742,-2.5905260217,3.2798848648));

#832=CARTESIAN_POINT('',(79.2474850742,-2.5905260217,3.2798848648));
#833=VERTEX_POINT('',#832);
#834=EDGE_CURVE('',#826,#833,#829,.T.);
#835=ORIENTED_EDGE('',*,*,#834,.T.);
#836=(
BOUNDED_CURVE()
B_SPLINE_CURVE(2,(#837,#838,#839),.UNSPECIFIED.,.F.,.F.)
B_SPLINE_CURVE_WITH_KNOTS((3,3),(0.000,1.000),.UNSPECIFIED.)
CURVE()
GEOMETRIC_REPRESENTATION_ITEM()
RATIONAL_B_SPLINE_CURVE((1.0000000000,0.7071067812,1.0000000000))
REPRESENTATION_ITEM('')
);
#837=CARTESIAN_POINT('',(79.2474850742,-2.5905260217,3.2798848648));
#838=CARTESIAN_POINT('',(79.2474850742,-4.2676984441,3.2798848648));
#839=CARTESIAN_POINT('',(77.5703126518,-4.2676984441,3.2798848648));

#840=CARTESIAN_POINT('',(77.5703126518,-4.2676984441,3.2798848648));
#841=VERTEX_POINT('',#840);
#842=EDGE_CURVE('',#833,#841,#836,.T.);
#843=ORIENTED_EDGE('',*,*,#842,.T.);
#844=(
BOUNDED_CURVE()
B_SPLINE_CURVE(1,(#845,#846),.UNSPECIFIED.,.F.,.F.)
B_SPLINE_CURVE_WITH_KNOTS((2,2),(0.000,1.000),.UNSPECIFIED.)
CURVE()
GEOMETRIC_REPRESENTATION_ITEM()
RATIONAL_B_SPLINE_CURVE((1.0000000000,1.0000000000))
REPRESENTATION_ITEM('')
);
#845=CARTESIAN_POINT('',(77.5703126517,-4.2676984441,3.2798848648));
#846=CARTESIAN_POINT('',(77.5703126517,-4.2676984441,56.2870695251));

#847=EDGE_CURVE('',#841,#820,#844,.T.);
#848=ORIENTED_EDGE('',*,*,#847,.T.);
#849=EDGE_LOOP('',(#828,#835,#843,#848));
#850=FACE_OUTER_BOUND('',#849,.T.);
#851=ADVANCED_FACE('',(#850),#812,.T.);
#852=COLOUR_RGB('',0.39,0.39,0.39);
#853=FILL_AREA_STYLE_COLOUR('',#852);
#854=FILL_AREA_STYLE('',(#853));
#855=SURFACE_STYLE_FILL_AREA(#854);
#856=SURFACE_STYLE_TRANSPARENT(0.00);
#857=SURFACE_STYLE_RENDERING_WITH_PROPERTIES(.NORMAL_SHADING.,#852,(#856));
#858=SURFACE_SIDE_STYLE('',(#855, #857));
#859=SURFACE_STYLE_USAGE(.BOTH.,#858);
#860=PRESENTATION_STYLE_ASSIGNMENT((#859));
#861=STYLED_ITEM('',(#860),#851);

#862=(
BOUNDED_SURFACE()
B_SPLINE_SURFACE(2,1,((#863,#864),(#865,#866),(#867,#868)),.UNSPECIFIED.,.F.,.F.,.F.)
B_SPLINE_SURFACE_WITH_KNOTS((3,3),(2,2),(0.000,1.000),(0.000,1.000),.UNSPECIFIED.)
GEOMETRIC_REPRESENTATION_ITEM()
RATIONAL_B_SPLINE_SURFACE(((1.0000000000,1.0000000000),(0.7071067812,0.7071067812),(1.0000000000,1.0000000000)))
REPRESENTATION_ITEM('')
SURFACE()
);
#863=CARTESIAN_POINT('',(77.5703126517,-4.2676984441,56.2870695251));
#864=CARTESIAN_POINT('',(77.5703126517,-4.2676984441,3.2798848648));
#865=CARTESIAN_POINT('',(75.8931402293,-4.2676984441,56.2870695251));
#866=CARTESIAN_POINT('',(75.8931402293,-4.2676984441,3.2798848648));
#867=CARTESIAN_POINT('',(75.8931402293,-2.5905260217,56.2870695251));
#868=CARTESIAN_POINT('',(75.8931402293,-2.5905260217,3.2798848648));

#869=CARTESIAN_POINT('',(75.8931402293,-2.5905260217,56.2870695251));
#870=VERTEX_POINT('',#869);
#871=(
BOUNDED_CURVE()
B_SPLINE_CURVE(2,(#872,#873,#874),.UNSPECIFIED.,.F.,.F.)
B_SPLINE_CURVE_WITH_KNOTS((3,3),(0.000,1.000),.UNSPECIFIED.)
CURVE()
GEOMETRIC_REPRESENTATION_ITEM()
RATIONAL_B_SPLINE_CURVE((1.0000000000,0.7071067812,1.0000000000))
REPRESENTATION_ITEM('')
);
#872=CARTESIAN_POINT('',(75.8931402293,-2.5905260218,56.2870695251));
#873=CARTESIAN_POINT('',(75.8931402294,-4.2676984441,56.2870695251));
#874=CARTESIAN_POINT('',(77.5703126517,-4.2676984441,56.2870695251));

#875=CARTESIAN_POINT('',(77.5703126517,-4.2676984441,56.2870695251));
#876=VERTEX_POINT('',#875);
#877=EDGE_CURVE('',#870,#876,#871,.T.);
#878=ORIENTED_EDGE('',*,*,#877,.T.);
#879=(
BOUNDED_CURVE()
B_SPLINE_CURVE(1,(#880,#881),.UNSPECIFIED.,.F.,.F.)
B_SPLINE_CURVE_WITH_KNOTS((2,2),(0.000,1.000),.UNSPECIFIED.)
CURVE()
GEOMETRIC_REPRESENTATION_ITEM()
RATIONAL_B_SPLINE_CURVE((1.0000000000,1.0000000000))
REPRESENTATION_ITEM('')
);
#880=CARTESIAN_POINT('',(77.5703126517,-4.2676984441,56.2870695251));
#881=CARTESIAN_POINT('',(77.5703126517,-4.2676984441,3.2798848648));

#882=CARTESIAN_POINT('',(77.5703126517,-4.2676984441,3.2798848648));
#883=VERTEX_POINT('',#882);
#884=EDGE_CURVE('',#876,#883,#879,.T.);
#885=ORIENTED_EDGE('',*,*,#884,.T.);
#886=(
BOUNDED_CURVE()
B_SPLINE_CURVE(2,(#887,#888,#889),.UNSPECIFIED.,.F.,.F.)
B_SPLINE_CURVE_WITH_KNOTS((3,3),(0.000,1.000),.UNSPECIFIED.)
CURVE()
GEOMETRIC_REPRESENTATION_ITEM()
RATIONAL_B_SPLINE_CURVE((1.0000000000,0.7071067812,1.0000000000))
REPRESENTATION_ITEM('')
);
#887=CARTESIAN_POINT('',(77.5703126517,-4.2676984441,3.2798848648));
#888=CARTESIAN_POINT('',(75.8931402294,-4.2676984441,3.2798848648));
#889=CARTESIAN_POINT('',(75.8931402293,-2.5905260218,3.2798848648));

#890=CARTESIAN_POINT('',(75.8931402293,-2.5905260218,3.2798848648));
#891=VERTEX_POINT('',#890);
#892=EDGE_CURVE('',#883,#891,#886,.T.);
#893=ORIENTED_EDGE('',*,*,#892,.T.);
#894=(
BOUNDED_CURVE()
B_SPLINE_CURVE(1,(#895,#896),.UNSPECIFIED.,.F.,.F.)
B_SPLINE_CURVE_WITH_KNOTS((2,2),(0.000,1.000),.UNSPECIFIED.)
CURVE()
GEOMETRIC_REPRESENTATION_ITEM()
RATIONAL_B_SPLINE_CURVE((1.0000000000,1.0000000000))
REPRESENTATION_ITEM('')
);
#895=CARTESIAN_POINT('',(75.8931402293,-2.5905260217,3.2798848648));
#896=CARTESIAN_POINT('',(75.8931402293,-2.5905260217,56.2870695251));

#897=EDGE_CURVE('',#891,#870,#894,.T.);
#898=ORIENTED_EDGE('',*,*,#897,.T.);
#899=EDGE_LOOP('',(#878,#885,#893,#898));
#900=FACE_OUTER_BOUND('',#899,.T.);
#901=ADVANCED_FACE('',(#900),#862,.T.);
#902=COLOUR_RGB('',0.39,0.39,0.39);
#903=FILL_AREA_STYLE_COLOUR('',#902);
#904=FILL_AREA_STYLE('',(#903));
#905=SURFACE_STYLE_FILL_AREA(#904);
#906=SURFACE_STYLE_TRANSPARENT(0.00);
#907=SURFACE_STYLE_RENDERING_WITH_PROPERTIES(.NORMAL_SHADING.,#902,(#906));
#908=SURFACE_SIDE_STYLE('',(#905, #907));
#909=SURFACE_STYLE_USAGE(.BOTH.,#908);
#910=PRESENTATION_STYLE_ASSIGNMENT((#909));
#911=STYLED_ITEM('',(#910),#901);

#912=(
BOUNDED_SURFACE()
B_SPLINE_SURFACE(2,1,((#913,#914),(#915,#916),(#917,#918)),.UNSPECIFIED.,.F.,.F.,.F.)
B_SPLINE_SURFACE_WITH_KNOTS((3,3),(2,2),(0.000,1.000),(0.000,1.000),.UNSPECIFIED.)
GEOMETRIC_REPRESENTATION_ITEM()
RATIONAL_B_SPLINE_SURFACE(((1.0000000000,1.0000000000),(0.7071067812,0.7071067812),(1.0000000000,1.0000000000)))
REPRESENTATION_ITEM('')
SURFACE()
);
#913=CARTESIAN_POINT('',(75.8931402293,-2.5905260217,56.2870695251));
#914=CARTESIAN_POINT('',(75.8931402293,-2.5905260217,3.2798848648));
#915=CARTESIAN_POINT('',(75.8931402293,-0.9133535993,56.2870695251));
#916=CARTESIAN_POINT('',(75.8931402293,-0.9133535993,3.2798848648));
#917=CARTESIAN_POINT('',(77.5703126517,-0.9133535993,56.2870695251));
#918=CARTESIAN_POINT('',(77.5703126517,-0.9133535993,3.2798848648));

#919=CARTESIAN_POINT('',(77.5703126517,-0.9133535993,56.2870695251));
#920=VERTEX_POINT('',#919);
#921=(
BOUNDED_CURVE()
B_SPLINE_CURVE(2,(#922,#923,#924),.UNSPECIFIED.,.F.,.F.)
B_SPLINE_CURVE_WITH_KNOTS((3,3),(0.000,1.000),.UNSPECIFIED.)
CURVE()
GEOMETRIC_REPRESENTATION_ITEM()
RATIONAL_B_SPLINE_CURVE((1.0000000000,0.7071067812,1.0000000000))
REPRESENTATION_ITEM('')
);
#922=CARTESIAN_POINT('',(77.5703126516,-0.9133535993,56.2870695251));
#923=CARTESIAN_POINT('',(75.8931402293,-0.9133535994,56.2870695251));
#924=CARTESIAN_POINT('',(75.8931402293,-2.5905260217,56.2870695251));

#925=CARTESIAN_POINT('',(75.8931402293,-2.5905260217,56.2870695251));
#926=VERTEX_POINT('',#925);
#927=EDGE_CURVE('',#920,#926,#921,.T.);
#928=ORIENTED_EDGE('',*,*,#927,.T.);
#929=(
BOUNDED_CURVE()
B_SPLINE_CURVE(1,(#930,#931),.UNSPECIFIED.,.F.,.F.)
B_SPLINE_CURVE_WITH_KNOTS((2,2),(0.000,1.000),.UNSPECIFIED.)
CURVE()
GEOMETRIC_REPRESENTATION_ITEM()
RATIONAL_B_SPLINE_CURVE((1.0000000000,1.0000000000))
REPRESENTATION_ITEM('')
);
#930=CARTESIAN_POINT('',(75.8931402293,-2.5905260217,56.2870695251));
#931=CARTESIAN_POINT('',(75.8931402293,-2.5905260217,3.2798848648));

#932=CARTESIAN_POINT('',(75.8931402293,-2.5905260217,3.2798848648));
#933=VERTEX_POINT('',#932);
#934=EDGE_CURVE('',#926,#933,#929,.T.);
#935=ORIENTED_EDGE('',*,*,#934,.T.);
#936=(
BOUNDED_CURVE()
B_SPLINE_CURVE(2,(#937,#938,#939),.UNSPECIFIED.,.F.,.F.)
B_SPLINE_CURVE_WITH_KNOTS((3,3),(0.000,1.000),.UNSPECIFIED.)
CURVE()
GEOMETRIC_REPRESENTATION_ITEM()
RATIONAL_B_SPLINE_CURVE((1.0000000000,0.7071067812,1.0000000000))
REPRESENTATION_ITEM('')
);
#937=CARTESIAN_POINT('',(75.8931402293,-2.5905260217,3.2798848648));
#938=CARTESIAN_POINT('',(75.8931402293,-0.9133535994,3.2798848648));
#939=CARTESIAN_POINT('',(77.5703126516,-0.9133535993,3.2798848648));

#940=CARTESIAN_POINT('',(77.5703126516,-0.9133535993,3.2798848648));
#941=VERTEX_POINT('',#940);
#942=EDGE_CURVE('',#933,#941,#936,.T.);
#943=ORIENTED_EDGE('',*,*,#942,.T.);
#944=(
BOUNDED_CURVE()
B_SPLINE_CURVE(1,(#945,#946),.UNSPECIFIED.,.F.,.F.)
B_SPLINE_CURVE_WITH_KNOTS((2,2),(0.000,1.000),.UNSPECIFIED.)
CURVE()
GEOMETRIC_REPRESENTATION_ITEM()
RATIONAL_B_SPLINE_CURVE((1.0000000000,1.0000000000))
REPRESENTATION_ITEM('')
);
#945=CARTESIAN_POINT('',(77.5703126517,-0.9133535993,3.2798848648));
#946=CARTESIAN_POINT('',(77.5703126517,-0.9133535993,56.2870695251));

#947=EDGE_CURVE('',#941,#920,#944,.T.);
#948=ORIENTED_EDGE('',*,*,#947,.T.);
#949=EDGE_LOOP('',(#928,#935,#943,#948));
#950=FACE_OUTER_BOUND('',#949,.T.);
#951=ADVANCED_FACE('',(#950),#912,.T.);
#952=COLOUR_RGB('',0.39,0.39,0.39);
#953=FILL_AREA_STYLE_COLOUR('',#952);
#954=FILL_AREA_STYLE('',(#953));
#955=SURFACE_STYLE_FILL_AREA(#954);
#956=SURFACE_STYLE_TRANSPARENT(0.00);
#957=SURFACE_STYLE_RENDERING_WITH_PROPERTIES(.NORMAL_SHADING.,#952,(#956));
#958=SURFACE_SIDE_STYLE('',(#955, #957));
#959=SURFACE_STYLE_USAGE(.BOTH.,#958);
#960=PRESENTATION_STYLE_ASSIGNMENT((#959));
#961=STYLED_ITEM('',(#960),#951);

#962=(
BOUNDED_SURFACE()
B_SPLINE_SURFACE(2,1,((#963,#964),(#965,#966),(#967,#968)),.UNSPECIFIED.,.F.,.F.,.F.)
B_SPLINE_SURFACE_WITH_KNOTS((3,3),(2,2),(0.000,1.000),(0.000,1.000),.UNSPECIFIED.)
GEOMETRIC_REPRESENTATION_ITEM()
RATIONAL_B_SPLINE_SURFACE(((1.0000000000,1.0000000000),(0.7071067812,0.7071067812),(1.0000000000,1.0000000000)))
REPRESENTATION_ITEM('')
SURFACE()
);
#963=CARTESIAN_POINT('',(77.5703126517,-0.9133535993,56.2870695251));
#964=CARTESIAN_POINT('',(77.5703126517,-0.9133535993,3.2798848648));
#965=CARTESIAN_POINT('',(79.2474850742,-0.9133535993,56.2870695251));
#966=CARTESIAN_POINT('',(79.2474850742,-0.9133535993,3.2798848648));
#967=CARTESIAN_POINT('',(79.2474850742,-2.5905260217,56.2870695251));
#968=CARTESIAN_POINT('',(79.2474850742,-2.5905260217,3.2798848648));

#969=CARTESIAN_POINT('',(79.2474850742,-2.5905260217,56.2870695251));
#970=VERTEX_POINT('',#969);
#971=(
BOUNDED_CURVE()
B_SPLINE_CURVE(2,(#972,#973,#974),.UNSPECIFIED.,.F.,.F.)
B_SPLINE_CURVE_WITH_KNOTS((3,3),(0.000,1.000),.UNSPECIFIED.)
CURVE()
GEOMETRIC_REPRESENTATION_ITEM()
RATIONAL_B_SPLINE_CURVE((1.0000000000,0.7071067812,1.0000000000))
REPRESENTATION_ITEM('')
);
#972=CARTESIAN_POINT('',(79.2474850742,-2.5905260216,56.2870695251));
#973=CARTESIAN_POINT('',(79.2474850741,-0.9133535993,56.2870695251));
#974=CARTESIAN_POINT('',(77.5703126517,-0.9133535993,56.2870695251));

#975=CARTESIAN_POINT('',(77.5703126517,-0.9133535993,56.2870695251));
#976=VERTEX_POINT('',#975);
#977=EDGE_CURVE('',#970,#976,#971,.T.);
#978=ORIENTED_EDGE('',*,*,#977,.T.);
#979=(
BOUNDED_CURVE()
B_SPLINE_CURVE(1,(#980,#981),.UNSPECIFIED.,.F.,.F.)
B_SPLINE_CURVE_WITH_KNOTS((2,2),(0.000,1.000),.UNSPECIFIED.)
CURVE()
GEOMETRIC_REPRESENTATION_ITEM()
RATIONAL_B_SPLINE_CURVE((1.0000000000,1.0000000000))
REPRESENTATION_ITEM('')
);
#980=CARTESIAN_POINT('',(77.5703126517,-0.9133535993,56.2870695251));
#981=CARTESIAN_POINT('',(77.5703126517,-0.9133535993,3.2798848648));

#982=CARTESIAN_POINT('',(77.5703126517,-0.9133535993,3.2798848648));
#983=VERTEX_POINT('',#982);
#984=EDGE_CURVE('',#976,#983,#979,.T.);
#985=ORIENTED_EDGE('',*,*,#984,.T.);
#986=(
BOUNDED_CURVE()
B_SPLINE_CURVE(2,(#987,#988,#989),.UNSPECIFIED.,.F.,.F.)
B_SPLINE_CURVE_WITH_KNOTS((3,3),(0.000,1.000),.UNSPECIFIED.)
CURVE()
GEOMETRIC_REPRESENTATION_ITEM()
RATIONAL_B_SPLINE_CURVE((1.0000000000,0.7071067812,1.0000000000))
REPRESENTATION_ITEM('')
);
#987=CARTESIAN_POINT('',(77.5703126517,-0.9133535993,3.2798848648));
#988=CARTESIAN_POINT('',(79.2474850741,-0.9133535993,3.2798848648));
#989=CARTESIAN_POINT('',(79.2474850742,-2.5905260216,3.2798848648));

#990=CARTESIAN_POINT('',(79.2474850742,-2.5905260216,3.2798848648));
#991=VERTEX_POINT('',#990);
#992=EDGE_CURVE('',#983,#991,#986,.T.);
#993=ORIENTED_EDGE('',*,*,#992,.T.);
#994=(
BOUNDED_CURVE()
B_SPLINE_CURVE(1,(#995,#996),.UNSPECIFIED.,.F.,.F.)
B_SPLINE_CURVE_WITH_KNOTS((2,2),(0.000,1.000),.UNSPECIFIED.)
CURVE()
GEOMETRIC_REPRESENTATION_ITEM()
RATIONAL_B_SPLINE_CURVE((1.0000000000,1.0000000000))
REPRESENTATION_ITEM('')
);
#995=CARTESIAN_POINT('',(79.2474850742,-2.5905260217,3.2798848648));
#996=CARTESIAN_POINT('',(79.2474850742,-2.5905260217,56.2870695251));

#997=EDGE_CURVE('',#991,#970,#994,.T.);
#998=ORIENTED_EDGE('',*,*,#997,.T.);
#999=EDGE_LOOP('',(#978,#985,#993,#998));
#1000=FACE_OUTER_BOUND('',#999,.T.);
#1001=ADVANCED_FACE('',(#1000),#962,.T.);
#1002=COLOUR_RGB('',0.39,0.39,0.39);
#1003=FILL_AREA_STYLE_COLOUR('',#1002);
#1004=FILL_AREA_STYLE('',(#1003));
#1005=SURFACE_STYLE_FILL_AREA(#1004);
#1006=SURFACE_STYLE_TRANSPARENT(0.00);
#1007=SURFACE_STYLE_RENDERING_WITH_PROPERTIES(.NORMAL_SHADING.,#1002,(#1006));
#1008=SURFACE_SIDE_STYLE('',(#1005, #1007));
#1009=SURFACE_STYLE_USAGE(.BOTH.,#1008);
#1010=PRESENTATION_STYLE_ASSIGNMENT((#1009));
#1011=STYLED_ITEM('',(#1010),#1001);

#1012=(
BOUNDED_SURFACE()
B_SPLINE_SURFACE(2,1,((#1013,#1014),(#1015,#1016),(#1017,#1018)),.UNSPECIFIED.,.F.,.F.,.F.)
B_SPLINE_SURFACE_WITH_KNOTS((3,3),(2,2),(0.000,1.000),(0.000,1.000),.UNSPECIFIED.)
GEOMETRIC_REPRESENTATION_ITEM()
RATIONAL_B_SPLINE_SURFACE(((1.0000000000,1.0000000000),(0.7071067812,0.7071067812),(1.0000000000,1.0000000000)))
REPRESENTATION_ITEM('')
SURFACE()
);
#1013=CARTESIAN_POINT('',(3.9896433834,-57.1578300798,56.2870695251));
#1014=CARTESIAN_POINT('',(3.9896433834,-57.1578300798,3.2798848648));
#1015=CARTESIAN_POINT('',(3.9896433834,-58.8350025022,56.2870695251));
#1016=CARTESIAN_POINT('',(3.9896433834,-58.8350025022,3.2798848648));
#1017=CARTESIAN_POINT('',(2.3124709610,-58.8350025022,56.2870695251));
#1018=CARTESIAN_POINT('',(2.3124709610,-58.8350025022,3.2798848648));

#1019=CARTESIAN_POINT('',(2.3124709610,-58.8350025022,56.2870695251));
#1020=VERTEX_POINT('',#1019);
#1021=(
BOUNDED_CURVE()
B_SPLINE_CURVE(2,(#1022,#1023,#1024),.UNSPECIFIED.,.F.,.F.)
B_SPLINE_CURVE_WITH_KNOTS((3,3),(0.000,1.000),.UNSPECIFIED.)
CURVE()
GEOMETRIC_REPRESENTATION_ITEM()
RATIONAL_B_SPLINE_CURVE((1.0000000000,0.7071067812,1.0000000000))
REPRESENTATION_ITEM('')
);
#1022=CARTESIAN_POINT('',(2.3124709610,-58.8350025022,56.2870695251));
#1023=CARTESIAN_POINT('',(3.9896433834,-58.8350025021,56.2870695251));
#1024=CARTESIAN_POINT('',(3.9896433834,-57.1578300798,56.2870695251));

#1025=CARTESIAN_POINT('',(3.9896433834,-57.1578300798,56.2870695251));
#1026=VERTEX_POINT('',#1025);
#1027=EDGE_CURVE('',#1020,#1026,#1021,.T.);
#1028=ORIENTED_EDGE('',*,*,#1027,.T.);
#1029=(
BOUNDED_CURVE()
B_SPLINE_CURVE(1,(#1030,#1031),.UNSPECIFIED.,.F.,.F.)
B_SPLINE_CURVE_WITH_KNOTS((2,2),(0.000,1.000),.UNSPECIFIED.)
CURVE()
GEOMETRIC_REPRESENTATION_ITEM()
RATIONAL_B_SPLINE_CURVE((1.0000000000,1.0000000000))
REPRESENTATION_ITEM('')
);
#1030=CARTESIAN_POINT('',(3.9896433834,-57.1578300798,56.2870695251));
#1031=CARTESIAN_POINT('',(3.9896433834,-57.1578300798,3.2798848648));

#1032=CARTESIAN_POINT('',(3.9896433834,-57.1578300798,3.2798848648));
#1033=VERTEX_POINT('',#1032);
#1034=EDGE_CURVE('',#1026,#1033,#1029,.T.);
#1035=ORIENTED_EDGE('',*,*,#1034,.T.);
#1036=(
BOUNDED_CURVE()
B_SPLINE_CURVE(2,(#1037,#1038,#1039),.UNSPECIFIED.,.F.,.F.)
B_SPLINE_CURVE_WITH_KNOTS((3,3),(0.000,1.000),.UNSPECIFIED.)
CURVE()
GEOMETRIC_REPRESENTATION_ITEM()
RATIONAL_B_SPLINE_CURVE((1.0000000000,0.7071067812,1.0000000000))
REPRESENTATION_ITEM('')
);
#1037=CARTESIAN_POINT('',(3.9896433834,-57.1578300798,3.2798848648));
#1038=CARTESIAN_POINT('',(3.9896433834,-58.8350025021,3.2798848648));
#1039=CARTESIAN_POINT('',(2.3124709610,-58.8350025022,3.2798848648));

#1040=CARTESIAN_POINT('',(2.3124709610,-58.8350025022,3.2798848648));
#1041=VERTEX_POINT('',#1040);
#1042=EDGE_CURVE('',#1033,#1041,#1036,.T.);
#1043=ORIENTED_EDGE('',*,*,#1042,.T.);
#1044=(
BOUNDED_CURVE()
B_SPLINE_CURVE(1,(#1045,#1046),.UNSPECIFIED.,.F.,.F.)
B_SPLINE_CURVE_WITH_KNOTS((2,2),(0.000,1.000),.UNSPECIFIED.)
CURVE()
GEOMETRIC_REPRESENTATION_ITEM()
RATIONAL_B_SPLINE_CURVE((1.0000000000,1.0000000000))
REPRESENTATION_ITEM('')
);
#1045=CARTESIAN_POINT('',(2.3124709610,-58.8350025022,3.2798848648));
#1046=CARTESIAN_POINT('',(2.3124709610,-58.8350025022,56.2870695251));

#1047=EDGE_CURVE('',#1041,#1020,#1044,.T.);
#1048=ORIENTED_EDGE('',*,*,#1047,.T.);
#1049=EDGE_LOOP('',(#1028,#1035,#1043,#1048));
#1050=FACE_OUTER_BOUND('',#1049,.T.);
#1051=ADVANCED_FACE('',(#1050),#1012,.T.);
#1052=COLOUR_RGB('',0.39,0.39,0.39);
#1053=FILL_AREA_STYLE_COLOUR('',#1052);
#1054=FILL_AREA_STYLE('',(#1053));
#1055=SURFACE_STYLE_FILL_AREA(#1054);
#1056=SURFACE_STYLE_TRANSPARENT(0.00);
#1057=SURFACE_STYLE_RENDERING_WITH_PROPERTIES(.NORMAL_SHADING.,#1052,(#1056));
#1058=SURFACE_SIDE_STYLE('',(#1055, #1057));
#1059=SURFACE_STYLE_USAGE(.BOTH.,#1058);
#1060=PRESENTATION_STYLE_ASSIGNMENT((#1059));
#1061=STYLED_ITEM('',(#1060),#1051);

#1062=(
BOUNDED_SURFACE()
B_SPLINE_SURFACE(2,1,((#1063,#1064),(#1065,#1066),(#1067,#1068)),.UNSPECIFIED.,.F.,.F.,.F.)
B_SPLINE_SURFACE_WITH_KNOTS((3,3),(2,2),(0.000,1.000),(0.000,1.000),.UNSPECIFIED.)
GEOMETRIC_REPRESENTATION_ITEM()
RATIONAL_B_SPLINE_SURFACE(((1.0000000000,1.0000000000),(0.7071067812,0.7071067812),(1.0000000000,1.0000000000)))
REPRESENTATION_ITEM('')
SURFACE()
);
#1063=CARTESIAN_POINT('',(2.3124709610,-58.8350025022,56.2870695251));
#1064=CARTESIAN_POINT('',(2.3124709610,-58.8350025022,3.2798848648));
#1065=CARTESIAN_POINT('',(0.6352985385,-58.8350025022,56.2870695251));
#1066=CARTESIAN_POINT('',(0.6352985385,-58.8350025022,3.2798848648));
#1067=CARTESIAN_POINT('',(0.6352985385,-57.1578300798,56.2870695251));
#1068=CARTESIAN_POINT('',(0.6352985385,-57.1578300798,3.2798848648));

#1069=CARTESIAN_POINT('',(0.6352985385,-57.1578300798,56.2870695251));
#1070=VERTEX_POINT('',#1069);
#1071=(
BOUNDED_CURVE()
B_SPLINE_CURVE(2,(#1072,#1073,#1074),.UNSPECIFIED.,.F.,.F.)
B_SPLINE_CURVE_WITH_KNOTS((3,3),(0.000,1.000),.UNSPECIFIED.)
CURVE()
GEOMETRIC_REPRESENTATION_ITEM()
RATIONAL_B_SPLINE_CURVE((1.0000000000,0.7071067812,1.0000000000))
REPRESENTATION_ITEM('')
);
#1072=CARTESIAN_POINT('',(0.6352985385,-57.1578300799,56.2870695251));
#1073=CARTESIAN_POINT('',(0.6352985386,-58.8350025022,56.2870695251));
#1074=CARTESIAN_POINT('',(2.3124709610,-58.8350025022,56.2870695251));

#1075=CARTESIAN_POINT('',(2.3124709610,-58.8350025022,56.2870695251));
#1076=VERTEX_POINT('',#1075);
#1077=EDGE_CURVE('',#1070,#1076,#1071,.T.);
#1078=ORIENTED_EDGE('',*,*,#1077,.T.);
#1079=(
BOUNDED_CURVE()
B_SPLINE_CURVE(1,(#1080,#1081),.UNSPECIFIED.,.F.,.F.)
B_SPLINE_CURVE_WITH_KNOTS((2,2),(0.000,1.000),.UNSPECIFIED.)
CURVE()
GEOMETRIC_REPRESENTATION_ITEM()
RATIONAL_B_SPLINE_CURVE((1.0000000000,1.0000000000))
REPRESENTATION_ITEM('')
);
#1080=CARTESIAN_POINT('',(2.3124709610,-58.8350025022,56.2870695251));
#1081=CARTESIAN_POINT('',(2.3124709610,-58.8350025022,3.2798848648));

#1082=CARTESIAN_POINT('',(2.3124709610,-58.8350025022,3.2798848648));
#1083=VERTEX_POINT('',#1082);
#1084=EDGE_CURVE('',#1076,#1083,#1079,.T.);
#1085=ORIENTED_EDGE('',*,*,#1084,.T.);
#1086=(
BOUNDED_CURVE()
B_SPLINE_CURVE(2,(#1087,#1088,#1089),.UNSPECIFIED.,.F.,.F.)
B_SPLINE_CURVE_WITH_KNOTS((3,3),(0.000,1.000),.UNSPECIFIED.)
CURVE()
GEOMETRIC_REPRESENTATION_ITEM()
RATIONAL_B_SPLINE_CURVE((1.0000000000,0.7071067812,1.0000000000))
REPRESENTATION_ITEM('')
);
#1087=CARTESIAN_POINT('',(2.3124709610,-58.8350025022,3.2798848648));
#1088=CARTESIAN_POINT('',(0.6352985386,-58.8350025022,3.2798848648));
#1089=CARTESIAN_POINT('',(0.6352985385,-57.1578300799,3.2798848648));

#1090=CARTESIAN_POINT('',(0.6352985385,-57.1578300799,3.2798848648));
#1091=VERTEX_POINT('',#1090);
#1092=EDGE_CURVE('',#1083,#1091,#1086,.T.);
#1093=ORIENTED_EDGE('',*,*,#1092,.T.);
#1094=(
BOUNDED_CURVE()
B_SPLINE_CURVE(1,(#1095,#1096),.UNSPECIFIED.,.F.,.F.)
B_SPLINE_CURVE_WITH_KNOTS((2,2),(0.000,1.000),.UNSPECIFIED.)
CURVE()
GEOMETRIC_REPRESENTATION_ITEM()
RATIONAL_B_SPLINE_CURVE((1.0000000000,1.0000000000))
REPRESENTATION_ITEM('')
);
#1095=CARTESIAN_POINT('',(0.6352985385,-57.1578300798,3.2798848648));
#1096=CARTESIAN_POINT('',(0.6352985385,-57.1578300798,56.2870695251));

#1097=EDGE_CURVE('',#1091,#1070,#1094,.T.);
#1098=ORIENTED_EDGE('',*,*,#1097,.T.);
#1099=EDGE_LOOP('',(#1078,#1085,#1093,#1098));
#1100=FACE_OUTER_BOUND('',#1099,.T.);
#1101=ADVANCED_FACE('',(#1100),#1062,.T.);
#1102=COLOUR_RGB('',0.39,0.39,0.39);
#1103=FILL_AREA_STYLE_COLOUR('',#1102);
#1104=FILL_AREA_STYLE('',(#1103));
#1105=SURFACE_STYLE_FILL_AREA(#1104);
#1106=SURFACE_STYLE_TRANSPARENT(0.00);
#1107=SURFACE_STYLE_RENDERING_WITH_PROPERTIES(.NORMAL_SHADING.,#1102,(#1106));
#1108=SURFACE_SIDE_STYLE('',(#1105, #1107));
#1109=SURFACE_STYLE_USAGE(.BOTH.,#1108);
#1110=PRESENTATION_STYLE_ASSIGNMENT((#1109));
#1111=STYLED_ITEM('',(#1110),#1101);

#1112=(
BOUNDED_SURFACE()
B_SPLINE_SURFACE(2,1,((#1113,#1114),(#1115,#1116),(#1117,#1118)),.UNSPECIFIED.,.F.,.F.,.F.)
B_SPLINE_SURFACE_WITH_KNOTS((3,3),(2,2),(0.000,1.000),(0.000,1.000),.UNSPECIFIED.)
GEOMETRIC_REPRESENTATION_ITEM()
RATIONAL_B_SPLINE_SURFACE(((1.0000000000,1.0000000000),(0.7071067812,0.7071067812),(1.0000000000,1.0000000000)))
REPRESENTATION_ITEM('')
SURFACE()
);
#1113=CARTESIAN_POINT('',(0.6352985385,-57.1578300798,56.2870695251));
#1114=CARTESIAN_POINT('',(0.6352985385,-57.1578300798,3.2798848648));
#1115=CARTESIAN_POINT('',(0.6352985385,-55.4806576573,56.2870695251));
#1116=CARTESIAN_POINT('',(0.6352985385,-55.4806576573,3.2798848648));
#1117=CARTESIAN_POINT('',(2.3124709610,-55.4806576573,56.2870695251));
#1118=CARTESIAN_POINT('',(2.3124709610,-55.4806576573,3.2798848648));

#1119=CARTESIAN_POINT('',(2.3124709610,-55.4806576573,56.2870695251));
#1120=VERTEX_POINT('',#1119);
#1121=(
BOUNDED_CURVE()
B_SPLINE_CURVE(2,(#1122,#1123,#1124),.UNSPECIFIED.,.F.,.F.)
B_SPLINE_CURVE_WITH_KNOTS((3,3),(0.000,1.000),.UNSPECIFIED.)
CURVE()
GEOMETRIC_REPRESENTATION_ITEM()
RATIONAL_B_SPLINE_CURVE((1.0000000000,0.7071067812,1.0000000000))
REPRESENTATION_ITEM('')
);
#1122=CARTESIAN_POINT('',(2.3124709609,-55.4806576573,56.2870695251));
#1123=CARTESIAN_POINT('',(0.6352985385,-55.4806576574,56.2870695251));
#1124=CARTESIAN_POINT('',(0.6352985385,-57.1578300798,56.2870695251));

#1125=CARTESIAN_POINT('',(0.6352985385,-57.1578300798,56.2870695251));
#1126=VERTEX_POINT('',#1125);
#1127=EDGE_CURVE('',#1120,#1126,#1121,.T.);
#1128=ORIENTED_EDGE('',*,*,#1127,.T.);
#1129=(
BOUNDED_CURVE()
B_SPLINE_CURVE(1,(#1130,#1131),.UNSPECIFIED.,.F.,.F.)
B_SPLINE_CURVE_WITH_KNOTS((2,2),(0.000,1.000),.UNSPECIFIED.)
CURVE()
GEOMETRIC_REPRESENTATION_ITEM()
RATIONAL_B_SPLINE_CURVE((1.0000000000,1.0000000000))
REPRESENTATION_ITEM('')
);
#1130=CARTESIAN_POINT('',(0.6352985385,-57.1578300798,56.2870695251));
#1131=CARTESIAN_POINT('',(0.6352985385,-57.1578300798,3.2798848648));

#1132=CARTESIAN_POINT('',(0.6352985385,-57.1578300798,3.2798848648));
#1133=VERTEX_POINT('',#1132);
#1134=EDGE_CURVE('',#1126,#1133,#1129,.T.);
#1135=ORIENTED_EDGE('',*,*,#1134,.T.);
#1136=(
BOUNDED_CURVE()
B_SPLINE_CURVE(2,(#1137,#1138,#1139),.UNSPECIFIED.,.F.,.F.)
B_SPLINE_CURVE_WITH_KNOTS((3,3),(0.000,1.000),.UNSPECIFIED.)
CURVE()
GEOMETRIC_REPRESENTATION_ITEM()
RATIONAL_B_SPLINE_CURVE((1.0000000000,0.7071067812,1.0000000000))
REPRESENTATION_ITEM('')
);
#1137=CARTESIAN_POINT('',(0.6352985385,-57.1578300798,3.2798848648));
#1138=CARTESIAN_POINT('',(0.6352985385,-55.4806576574,3.2798848648));
#1139=CARTESIAN_POINT('',(2.3124709609,-55.4806576573,3.2798848648));

#1140=CARTESIAN_POINT('',(2.3124709609,-55.4806576573,3.2798848648));
#1141=VERTEX_POINT('',#1140);
#1142=EDGE_CURVE('',#1133,#1141,#1136,.T.);
#1143=ORIENTED_EDGE('',*,*,#1142,.T.);
#1144=(
BOUNDED_CURVE()
B_SPLINE_CURVE(1,(#1145,#1146),.UNSPECIFIED.,.F.,.F.)
B_SPLINE_CURVE_WITH_KNOTS((2,2),(0.000,1.000),.UNSPECIFIED.)
CURVE()
GEOMETRIC_REPRESENTATION_ITEM()
RATIONAL_B_SPLINE_CURVE((1.0000000000,1.0000000000))
REPRESENTATION_ITEM('')
);
#1145=CARTESIAN_POINT('',(2.3124709610,-55.4806576573,3.2798848648));
#1146=CARTESIAN_POINT('',(2.3124709610,-55.4806576573,56.2870695251));

#1147=EDGE_CURVE('',#1141,#1120,#1144,.T.);
#1148=ORIENTED_EDGE('',*,*,#1147,.T.);
#1149=EDGE_LOOP('',(#1128,#1135,#1143,#1148));
#1150=FACE_OUTER_BOUND('',#1149,.T.);
#1151=ADVANCED_FACE('',(#1150),#1112,.T.);
#1152=COLOUR_RGB('',0.39,0.39,0.39);
#1153=FILL_AREA_STYLE_COLOUR('',#1152);
#1154=FILL_AREA_STYLE('',(#1153));
#1155=SURFACE_STYLE_FILL_AREA(#1154);
#1156=SURFACE_STYLE_TRANSPARENT(0.00);
#1157=SURFACE_STYLE_RENDERING_WITH_PROPERTIES(.NORMAL_SHADING.,#1152,(#1156));
#1158=SURFACE_SIDE_STYLE('',(#1155, #1157));
#1159=SURFACE_STYLE_USAGE(.BOTH.,#1158);
#1160=PRESENTATION_STYLE_ASSIGNMENT((#1159));
#1161=STYLED_ITEM('',(#1160),#1151);

#1162=(
BOUNDED_SURFACE()
B_SPLINE_SURFACE(2,1,((#1163,#1164),(#1165,#1166),(#1167,#1168)),.UNSPECIFIED.,.F.,.F.,.F.)
B_SPLINE_SURFACE_WITH_KNOTS((3,3),(2,2),(0.000,1.000),(0.000,1.000),.UNSPECIFIED.)
GEOMETRIC_REPRESENTATION_ITEM()
RATIONAL_B_SPLINE_SURFACE(((1.0000000000,1.0000000000),(0.7071067812,0.7071067812),(1.0000000000,1.0000000000)))
REPRESENTATION_ITEM('')
SURFACE()
);
#1163=CARTESIAN_POINT('',(2.3124709610,-55.4806576573,56.2870695251));
#1164=CARTESIAN_POINT('',(2.3124709610,-55.4806576573,3.2798848648));
#1165=CARTESIAN_POINT('',(3.9896433834,-55.4806576573,56.2870695251));
#1166=CARTESIAN_POINT('',(3.9896433834,-55.4806576573,3.2798848648));
#1167=CARTESIAN_POINT('',(3.9896433834,-57.1578300798,56.2870695251));
#1168=CARTESIAN_POINT('',(3.9896433834,-57.1578300798,3.2798848648));

#1169=CARTESIAN_POINT('',(3.9896433834,-57.1578300798,56.2870695251));
#1170=VERTEX_POINT('',#1169);
#1171=(
BOUNDED_CURVE()
B_SPLINE_CURVE(2,(#1172,#1173,#1174),.UNSPECIFIED.,.F.,.F.)
B_SPLINE_CURVE_WITH_KNOTS((3,3),(0.000,1.000),.UNSPECIFIED.)
CURVE()
GEOMETRIC_REPRESENTATION_ITEM()
RATIONAL_B_SPLINE_CURVE((1.0000000000,0.7071067812,1.0000000000))
REPRESENTATION_ITEM('')
);
#1172=CARTESIAN_POINT('',(3.9896433834,-57.1578300797,56.2870695251));
#1173=CARTESIAN_POINT('',(3.9896433833,-55.4806576573,56.2870695251));
#1174=CARTESIAN_POINT('',(2.3124709610,-55.4806576573,56.2870695251));

#1175=CARTESIAN_POINT('',(2.3124709610,-55.4806576573,56.2870695251));
#1176=VERTEX_POINT('',#1175);
#1177=EDGE_CURVE('',#1170,#1176,#1171,.T.);
#1178=ORIENTED_EDGE('',*,*,#1177,.T.);
#1179=(
BOUNDED_CURVE()
B_SPLINE_CURVE(1,(#1180,#1181),.UNSPECIFIED.,.F.,.F.)
B_SPLINE_CURVE_WITH_KNOTS((2,2),(0.000,1.000),.UNSPECIFIED.)
CURVE()
GEOMETRIC_REPRESENTATION_ITEM()
RATIONAL_B_SPLINE_CURVE((1.0000000000,1.0000000000))
REPRESENTATION_ITEM('')
);
#1180=CARTESIAN_POINT('',(2.3124709610,-55.4806576573,56.2870695251));
#1181=CARTESIAN_POINT('',(2.3124709610,-55.4806576573,3.2798848648));

#1182=CARTESIAN_POINT('',(2.3124709610,-55.4806576573,3.2798848648));
#1183=VERTEX_POINT('',#1182);
#1184=EDGE_CURVE('',#1176,#1183,#1179,.T.);
#1185=ORIENTED_EDGE('',*,*,#1184,.T.);
#1186=(
BOUNDED_CURVE()
B_SPLINE_CURVE(2,(#1187,#1188,#1189),.UNSPECIFIED.,.F.,.F.)
B_SPLINE_CURVE_WITH_KNOTS((3,3),(0.000,1.000),.UNSPECIFIED.)
CURVE()
GEOMETRIC_REPRESENTATION_ITEM()
RATIONAL_B_SPLINE_CURVE((1.0000000000,0.7071067812,1.0000000000))
REPRESENTATION_ITEM('')
);
#1187=CARTESIAN_POINT('',(2.3124709610,-55.4806576573,3.2798848648));
#1188=CARTESIAN_POINT('',(3.9896433833,-55.4806576573,3.2798848648));
#1189=CARTESIAN_POINT('',(3.9896433834,-57.1578300797,3.2798848648));

#1190=CARTESIAN_POINT('',(3.9896433834,-57.1578300797,3.2798848648));
#1191=VERTEX_POINT('',#1190);
#1192=EDGE_CURVE('',#1183,#1191,#1186,.T.);
#1193=ORIENTED_EDGE('',*,*,#1192,.T.);
#1194=(
BOUNDED_CURVE()
B_SPLINE_CURVE(1,(#1195,#1196),.UNSPECIFIED.,.F.,.F.)
B_SPLINE_CURVE_WITH_KNOTS((2,2),(0.000,1.000),.UNSPECIFIED.)
CURVE()
GEOMETRIC_REPRESENTATION_ITEM()
RATIONAL_B_SPLINE_CURVE((1.0000000000,1.0000000000))
REPRESENTATION_ITEM('')
);
#1195=CARTESIAN_POINT('',(3.9896433834,-57.1578300798,3.2798848648));
#1196=CARTESIAN_POINT('',(3.9896433834,-57.1578300798,56.2870695251));

#1197=EDGE_CURVE('',#1191,#1170,#1194,.T.);
#1198=ORIENTED_EDGE('',*,*,#1197,.T.);
#1199=EDGE_LOOP('',(#1178,#1185,#1193,#1198));
#1200=FACE_OUTER_BOUND('',#1199,.T.);
#1201=ADVANCED_FACE('',(#1200),#1162,.T.);
#1202=COLOUR_RGB('',0.39,0.39,0.39);
#1203=FILL_AREA_STYLE_COLOUR('',#1202);
#1204=FILL_AREA_STYLE('',(#1203));
#1205=SURFACE_STYLE_FILL_AREA(#1204);
#1206=SURFACE_STYLE_TRANSPARENT(0.00);
#1207=SURFACE_STYLE_RENDERING_WITH_PROPERTIES(.NORMAL_SHADING.,#1202,(#1206));
#1208=SURFACE_SIDE_STYLE('',(#1205, #1207));
#1209=SURFACE_STYLE_USAGE(.BOTH.,#1208);
#1210=PRESENTATION_STYLE_ASSIGNMENT((#1209));
#1211=STYLED_ITEM('',(#1210),#1201);

#1212=(
BOUNDED_SURFACE()
B_SPLINE_SURFACE(2,1,((#1213,#1214),(#1215,#1216),(#1217,#1218)),.UNSPECIFIED.,.F.,.F.,.F.)
B_SPLINE_SURFACE_WITH_KNOTS((3,3),(2,2),(0.000,1.000),(0.000,1.000),.UNSPECIFIED.)
GEOMETRIC_REPRESENTATION_ITEM()
RATIONAL_B_SPLINE_SURFACE(((1.0000000000,1.0000000000),(0.7071067812,0.7071067812),(1.0000000000,1.0000000000)))
REPRESENTATION_ITEM('')
SURFACE()
);
#1213=CARTESIAN_POINT('',(79.3963053368,-57.1250519460,56.2870695251));
#1214=CARTESIAN_POINT('',(79.3963053368,-57.1250519460,3.2798848648));
#1215=CARTESIAN_POINT('',(79.3963053368,-58.8022243684,56.2870695251));
#1216=CARTESIAN_POINT('',(79.3963053368,-58.8022243684,3.2798848648));
#1217=CARTESIAN_POINT('',(77.7191329144,-58.8022243684,56.2870695251));
#1218=CARTESIAN_POINT('',(77.7191329144,-58.8022243684,3.2798848648));

#1219=CARTESIAN_POINT('',(77.7191329144,-58.8022243684,56.2870695251));
#1220=VERTEX_POINT('',#1219);
#1221=(
BOUNDED_CURVE()
B_SPLINE_CURVE(2,(#1222,#1223,#1224),.UNSPECIFIED.,.F.,.F.)
B_SPLINE_CURVE_WITH_KNOTS((3,3),(0.000,1.000),.UNSPECIFIED.)
CURVE()
GEOMETRIC_REPRESENTATION_ITEM()
RATIONAL_B_SPLINE_CURVE((1.0000000000,0.7071067812,1.0000000000))
REPRESENTATION_ITEM('')
);
#1222=CARTESIAN_POINT('',(77.7191329145,-58.8022243684,56.2870695251));
#1223=CARTESIAN_POINT('',(79.3963053368,-58.8022243683,56.2870695251));
#1224=CARTESIAN_POINT('',(79.3963053368,-57.1250519460,56.2870695251));

#1225=CARTESIAN_POINT('',(79.3963053368,-57.1250519460,56.2870695251));
#1226=VERTEX_POINT('',#1225);
#1227=EDGE_CURVE('',#1220,#1226,#1221,.T.);
#1228=ORIENTED_EDGE('',*,*,#1227,.T.);
#1229=(
BOUNDED_CURVE()
B_SPLINE_CURVE(1,(#1230,#1231),.UNSPECIFIED.,.F.,.F.)
B_SPLINE_CURVE_WITH_KNOTS((2,2),(0.000,1.000),.UNSPECIFIED.)
CURVE()
GEOMETRIC_REPRESENTATION_ITEM()
RATIONAL_B_SPLINE_CURVE((1.0000000000,1.0000000000))
REPRESENTATION_ITEM('')
);
#1230=CARTESIAN_POINT('',(79.3963053368,-57.1250519460,56.2870695251));
#1231=CARTESIAN_POINT('',(79.3963053368,-57.1250519460,3.2798848648));

#1232=CARTESIAN_POINT('',(79.3963053368,-57.1250519460,3.2798848648));
#1233=VERTEX_POINT('',#1232);
#1234=EDGE_CURVE('',#1226,#1233,#1229,.T.);
#1235=ORIENTED_EDGE('',*,*,#1234,.T.);
#1236=(
BOUNDED_CURVE()
B_SPLINE_CURVE(2,(#1237,#1238,#1239),.UNSPECIFIED.,.F.,.F.)
B_SPLINE_CURVE_WITH_KNOTS((3,3),(0.000,1.000),.UNSPECIFIED.)
CURVE()
GEOMETRIC_REPRESENTATION_ITEM()
RATIONAL_B_SPLINE_CURVE((1.0000000000,0.7071067812,1.0000000000))
REPRESENTATION_ITEM('')
);
#1237=CARTESIAN_POINT('',(79.3963053368,-57.1250519460,3.2798848648));
#1238=CARTESIAN_POINT('',(79.3963053368,-58.8022243683,3.2798848648));
#1239=CARTESIAN_POINT('',(77.7191329145,-58.8022243684,3.2798848648));

#1240=CARTESIAN_POINT('',(77.7191329145,-58.8022243684,3.2798848648));
#1241=VERTEX_POINT('',#1240);
#1242=EDGE_CURVE('',#1233,#1241,#1236,.T.);
#1243=ORIENTED_EDGE('',*,*,#1242,.T.);
#1244=(
BOUNDED_CURVE()
B_SPLINE_CURVE(1,(#1245,#1246),.UNSPECIFIED.,.F.,.F.)
B_SPLINE_CURVE_WITH_KNOTS((2,2),(0.000,1.000),.UNSPECIFIED.)
CURVE()
GEOMETRIC_REPRESENTATION_ITEM()
RATIONAL_B_SPLINE_CURVE((1.0000000000,1.0000000000))
REPRESENTATION_ITEM('')
);
#1245=CARTESIAN_POINT('',(77.7191329144,-58.8022243684,3.2798848648));
#1246=CARTESIAN_POINT('',(77.7191329144,-58.8022243684,56.2870695251));

#1247=EDGE_CURVE('',#1241,#1220,#1244,.T.);
#1248=ORIENTED_EDGE('',*,*,#1247,.T.);
#1249=EDGE_LOOP('',(#1228,#1235,#1243,#1248));
#1250=FACE_OUTER_BOUND('',#1249,.T.);
#1251=ADVANCED_FACE('',(#1250),#1212,.T.);
#1252=COLOUR_RGB('',0.39,0.39,0.39);
#1253=FILL_AREA_STYLE_COLOUR('',#1252);
#1254=FILL_AREA_STYLE('',(#1253));
#1255=SURFACE_STYLE_FILL_AREA(#1254);
#1256=SURFACE_STYLE_TRANSPARENT(0.00);
#1257=SURFACE_STYLE_RENDERING_WITH_PROPERTIES(.NORMAL_SHADING.,#1252,(#1256));
#1258=SURFACE_SIDE_STYLE('',(#1255, #1257));
#1259=SURFACE_STYLE_USAGE(.BOTH.,#1258);
#1260=PRESENTATION_STYLE_ASSIGNMENT((#1259));
#1261=STYLED_ITEM('',(#1260),#1251);

#1262=(
BOUNDED_SURFACE()
B_SPLINE_SURFACE(2,1,((#1263,#1264),(#1265,#1266),(#1267,#1268)),.UNSPECIFIED.,.F.,.F.,.F.)
B_SPLINE_SURFACE_WITH_KNOTS((3,3),(2,2),(0.000,1.000),(0.000,1.000),.UNSPECIFIED.)
GEOMETRIC_REPRESENTATION_ITEM()
RATIONAL_B_SPLINE_SURFACE(((1.0000000000,1.0000000000),(0.7071067812,0.7071067812),(1.0000000000,1.0000000000)))
REPRESENTATION_ITEM('')
SURFACE()
);
#1263=CARTESIAN_POINT('',(77.7191329144,-58.8022243684,56.2870695251));
#1264=CARTESIAN_POINT('',(77.7191329144,-58.8022243684,3.2798848648));
#1265=CARTESIAN_POINT('',(76.0419604920,-58.8022243684,56.2870695251));
#1266=CARTESIAN_POINT('',(76.0419604920,-58.8022243684,3.2798848648));
#1267=CARTESIAN_POINT('',(76.0419604920,-57.1250519460,56.2870695251));
#1268=CARTESIAN_POINT('',(76.0419604920,-57.1250519460,3.2798848648));

#1269=CARTESIAN_POINT('',(76.0419604920,-57.1250519460,56.2870695251));
#1270=VERTEX_POINT('',#1269);
#1271=(
BOUNDED_CURVE()
B_SPLINE_CURVE(2,(#1272,#1273,#1274),.UNSPECIFIED.,.F.,.F.)
B_SPLINE_CURVE_WITH_KNOTS((3,3),(0.000,1.000),.UNSPECIFIED.)
CURVE()
GEOMETRIC_REPRESENTATION_ITEM()
RATIONAL_B_SPLINE_CURVE((1.0000000000,0.7071067812,1.0000000000))
REPRESENTATION_ITEM('')
);
#1272=CARTESIAN_POINT('',(76.0419604920,-57.1250519461,56.2870695251));
#1273=CARTESIAN_POINT('',(76.0419604920,-58.8022243684,56.2870695251));
#1274=CARTESIAN_POINT('',(77.7191329144,-58.8022243684,56.2870695251));

#1275=CARTESIAN_POINT('',(77.7191329144,-58.8022243684,56.2870695251));
#1276=VERTEX_POINT('',#1275);
#1277=EDGE_CURVE('',#1270,#1276,#1271,.T.);
#1278=ORIENTED_EDGE('',*,*,#1277,.T.);
#1279=(
BOUNDED_CURVE()
B_SPLINE_CURVE(1,(#1280,#1281),.UNSPECIFIED.,.F.,.F.)
B_SPLINE_CURVE_WITH_KNOTS((2,2),(0.000,1.000),.UNSPECIFIED.)
CURVE()
GEOMETRIC_REPRESENTATION_ITEM()
RATIONAL_B_SPLINE_CURVE((1.0000000000,1.0000000000))
REPRESENTATION_ITEM('')
);
#1280=CARTESIAN_POINT('',(77.7191329144,-58.8022243684,56.2870695251));
#1281=CARTESIAN_POINT('',(77.7191329144,-58.8022243684,3.2798848648));

#1282=CARTESIAN_POINT('',(77.7191329144,-58.8022243684,3.2798848648));
#1283=VERTEX_POINT('',#1282);
#1284=EDGE_CURVE('',#1276,#1283,#1279,.T.);
#1285=ORIENTED_EDGE('',*,*,#1284,.T.);
#1286=(
BOUNDED_CURVE()
B_SPLINE_CURVE(2,(#1287,#1288,#1289),.UNSPECIFIED.,.F.,.F.)
B_SPLINE_CURVE_WITH_KNOTS((3,3),(0.000,1.000),.UNSPECIFIED.)
CURVE()
GEOMETRIC_REPRESENTATION_ITEM()
RATIONAL_B_SPLINE_CURVE((1.0000000000,0.7071067812,1.0000000000))
REPRESENTATION_ITEM('')
);
#1287=CARTESIAN_POINT('',(77.7191329144,-58.8022243684,3.2798848648));
#1288=CARTESIAN_POINT('',(76.0419604920,-58.8022243684,3.2798848648));
#1289=CARTESIAN_POINT('',(76.0419604920,-57.1250519461,3.2798848648));

#1290=CARTESIAN_POINT('',(76.0419604920,-57.1250519461,3.2798848648));
#1291=VERTEX_POINT('',#1290);
#1292=EDGE_CURVE('',#1283,#1291,#1286,.T.);
#1293=ORIENTED_EDGE('',*,*,#1292,.T.);
#1294=(
BOUNDED_CURVE()
B_SPLINE_CURVE(1,(#1295,#1296),.UNSPECIFIED.,.F.,.F.)
B_SPLINE_CURVE_WITH_KNOTS((2,2),(0.000,1.000),.UNSPECIFIED.)
CURVE()
GEOMETRIC_REPRESENTATION_ITEM()
RATIONAL_B_SPLINE_CURVE((1.0000000000,1.0000000000))
REPRESENTATION_ITEM('')
);
#1295=CARTESIAN_POINT('',(76.0419604920,-57.1250519460,3.2798848648));
#1296=CARTESIAN_POINT('',(76.0419604920,-57.1250519460,56.2870695251));

#1297=EDGE_CURVE('',#1291,#1270,#1294,.T.);
#1298=ORIENTED_EDGE('',*,*,#1297,.T.);
#1299=EDGE_LOOP('',(#1278,#1285,#1293,#1298));
#1300=FACE_OUTER_BOUND('',#1299,.T.);
#1301=ADVANCED_FACE('',(#1300),#1262,.T.);
#1302=COLOUR_RGB('',0.39,0.39,0.39);
#1303=FILL_AREA_STYLE_COLOUR('',#1302);
#1304=FILL_AREA_STYLE('',(#1303));
#1305=SURFACE_STYLE_FILL_AREA(#1304);
#1306=SURFACE_STYLE_TRANSPARENT(0.00);
#1307=SURFACE_STYLE_RENDERING_WITH_PROPERTIES(.NORMAL_SHADING.,#1302,(#1306));
#1308=SURFACE_SIDE_STYLE('',(#1305, #1307));
#1309=SURFACE_STYLE_USAGE(.BOTH.,#1308);
#1310=PRESENTATION_STYLE_ASSIGNMENT((#1309));
#1311=STYLED_ITEM('',(#1310),#1301);

#1312=(
BOUNDED_SURFACE()
B_SPLINE_SURFACE(2,1,((#1313,#1314),(#1315,#1316),(#1317,#1318)),.UNSPECIFIED.,.F.,.F.,.F.)
B_SPLINE_SURFACE_WITH_KNOTS((3,3),(2,2),(0.000,1.000),(0.000,1.000),.UNSPECIFIED.)
GEOMETRIC_REPRESENTATION_ITEM()
RATIONAL_B_SPLINE_SURFACE(((1.0000000000,1.0000000000),(0.7071067812,0.7071067812),(1.0000000000,1.0000000000)))
REPRESENTATION_ITEM('')
SURFACE()
);
#1313=CARTESIAN_POINT('',(76.0419604920,-57.1250519460,56.2870695251));
#1314=CARTESIAN_POINT('',(76.0419604920,-57.1250519460,3.2798848648));
#1315=CARTESIAN_POINT('',(76.0419604920,-55.4478795235,56.2870695251));
#1316=CARTESIAN_POINT('',(76.0419604920,-55.4478795235,3.2798848648));
#1317=CARTESIAN_POINT('',(77.7191329144,-55.4478795235,56.2870695251));
#1318=CARTESIAN_POINT('',(77.7191329144,-55.4478795235,3.2798848648));

#1319=CARTESIAN_POINT('',(77.7191329144,-55.4478795235,56.2870695251));
#1320=VERTEX_POINT('',#1319);
#1321=(
BOUNDED_CURVE()
B_SPLINE_CURVE(2,(#1322,#1323,#1324),.UNSPECIFIED.,.F.,.F.)
B_SPLINE_CURVE_WITH_KNOTS((3,3),(0.000,1.000),.UNSPECIFIED.)
CURVE()
GEOMETRIC_REPRESENTATION_ITEM()
RATIONAL_B_SPLINE_CURVE((1.0000000000,0.7071067812,1.0000000000))
REPRESENTATION_ITEM('')
);
#1322=CARTESIAN_POINT('',(77.7191329143,-55.4478795235,56.2870695251));
#1323=CARTESIAN_POINT('',(76.0419604920,-55.4478795236,56.2870695251));
#1324=CARTESIAN_POINT('',(76.0419604920,-57.1250519460,56.2870695251));

#1325=CARTESIAN_POINT('',(76.0419604920,-57.1250519460,56.2870695251));
#1326=VERTEX_POINT('',#1325);
#1327=EDGE_CURVE('',#1320,#1326,#1321,.T.);
#1328=ORIENTED_EDGE('',*,*,#1327,.T.);
#1329=(
BOUNDED_CURVE()
B_SPLINE_CURVE(1,(#1330,#1331),.UNSPECIFIED.,.F.,.F.)
B_SPLINE_CURVE_WITH_KNOTS((2,2),(0.000,1.000),.UNSPECIFIED.)
CURVE()
GEOMETRIC_REPRESENTATION_ITEM()
RATIONAL_B_SPLINE_CURVE((1.0000000000,1.0000000000))
REPRESENTATION_ITEM('')
);
#1330=CARTESIAN_POINT('',(76.0419604920,-57.1250519460,56.2870695251));
#1331=CARTESIAN_POINT('',(76.0419604920,-57.1250519460,3.2798848648));

#1332=CARTESIAN_POINT('',(76.0419604920,-57.1250519460,3.2798848648));
#1333=VERTEX_POINT('',#1332);
#1334=EDGE_CURVE('',#1326,#1333,#1329,.T.);
#1335=ORIENTED_EDGE('',*,*,#1334,.T.);
#1336=(
BOUNDED_CURVE()
B_SPLINE_CURVE(2,(#1337,#1338,#1339),.UNSPECIFIED.,.F.,.F.)
B_SPLINE_CURVE_WITH_KNOTS((3,3),(0.000,1.000),.UNSPECIFIED.)
CURVE()
GEOMETRIC_REPRESENTATION_ITEM()
RATIONAL_B_SPLINE_CURVE((1.0000000000,0.7071067812,1.0000000000))
REPRESENTATION_ITEM('')
);
#1337=CARTESIAN_POINT('',(76.0419604920,-57.1250519460,3.2798848648));
#1338=CARTESIAN_POINT('',(76.0419604920,-55.4478795236,3.2798848648));
#1339=CARTESIAN_POINT('',(77.7191329143,-55.4478795235,3.2798848648));

#1340=CARTESIAN_POINT('',(77.7191329143,-55.4478795235,3.2798848648));
#1341=VERTEX_POINT('',#1340);
#1342=EDGE_CURVE('',#1333,#1341,#1336,.T.);
#1343=ORIENTED_EDGE('',*,*,#1342,.T.);
#1344=(
BOUNDED_CURVE()
B_SPLINE_CURVE(1,(#1345,#1346),.UNSPECIFIED.,.F.,.F.)
B_SPLINE_CURVE_WITH_KNOTS((2,2),(0.000,1.000),.UNSPECIFIED.)
CURVE()
GEOMETRIC_REPRESENTATION_ITEM()
RATIONAL_B_SPLINE_CURVE((1.0000000000,1.0000000000))
REPRESENTATION_ITEM('')
);
#1345=CARTESIAN_POINT('',(77.7191329144,-55.4478795235,3.2798848648));
#1346=CARTESIAN_POINT('',(77.7191329144,-55.4478795235,56.2870695251));

#1347=EDGE_CURVE('',#1341,#1320,#1344,.T.);
#1348=ORIENTED_EDGE('',*,*,#1347,.T.);
#1349=EDGE_LOOP('',(#1328,#1335,#1343,#1348));
#1350=FACE_OUTER_BOUND('',#1349,.T.);
#1351=ADVANCED_FACE('',(#1350),#1312,.T.);
#1352=COLOUR_RGB('',0.39,0.39,0.39);
#1353=FILL_AREA_STYLE_COLOUR('',#1352);
#1354=FILL_AREA_STYLE('',(#1353));
#1355=SURFACE_STYLE_FILL_AREA(#1354);
#1356=SURFACE_STYLE_TRANSPARENT(0.00);
#1357=SURFACE_STYLE_RENDERING_WITH_PROPERTIES(.NORMAL_SHADING.,#1352,(#1356));
#1358=SURFACE_SIDE_STYLE('',(#1355, #1357));
#1359=SURFACE_STYLE_USAGE(.BOTH.,#1358);
#1360=PRESENTATION_STYLE_ASSIGNMENT((#1359));
#1361=STYLED_ITEM('',(#1360),#1351);

#1362=(
BOUNDED_SURFACE()
B_SPLINE_SURFACE(2,1,((#1363,#1364),(#1365,#1366),(#1367,#1368)),.UNSPECIFIED.,.F.,.F.,.F.)
B_SPLINE_SURFACE_WITH_KNOTS((3,3),(2,2),(0.000,1.000),(0.000,1.000),.UNSPECIFIED.)
GEOMETRIC_REPRESENTATION_ITEM()
RATIONAL_B_SPLINE_SURFACE(((1.0000000000,1.0000000000),(0.7071067812,0.7071067812),(1.0000000000,1.0000000000)))
REPRESENTATION_ITEM('')
SURFACE()
);
#1363=CARTESIAN_POINT('',(77.7191329144,-55.4478795235,56.2870695251));
#1364=CARTESIAN_POINT('',(77.7191329144,-55.4478795235,3.2798848648));
#1365=CARTESIAN_POINT('',(79.3963053368,-55.4478795235,56.2870695251));
#1366=CARTESIAN_POINT('',(79.3963053368,-55.4478795235,3.2798848648));
#1367=CARTESIAN_POINT('',(79.3963053368,-57.1250519460,56.2870695251));
#1368=CARTESIAN_POINT('',(79.3963053368,-57.1250519460,3.2798848648));

#1369=CARTESIAN_POINT('',(79.3963053368,-57.1250519460,56.2870695251));
#1370=VERTEX_POINT('',#1369);
#1371=(
BOUNDED_CURVE()
B_SPLINE_CURVE(2,(#1372,#1373,#1374),.UNSPECIFIED.,.F.,.F.)
B_SPLINE_CURVE_WITH_KNOTS((3,3),(0.000,1.000),.UNSPECIFIED.)
CURVE()
GEOMETRIC_REPRESENTATION_ITEM()
RATIONAL_B_SPLINE_CURVE((1.0000000000,0.7071067812,1.0000000000))
REPRESENTATION_ITEM('')
);
#1372=CARTESIAN_POINT('',(79.3963053368,-57.1250519459,56.2870695251));
#1373=CARTESIAN_POINT('',(79.3963053367,-55.4478795235,56.2870695251));
#1374=CARTESIAN_POINT('',(77.7191329144,-55.4478795235,56.2870695251));

#1375=CARTESIAN_POINT('',(77.7191329144,-55.4478795235,56.2870695251));
#1376=VERTEX_POINT('',#1375);
#1377=EDGE_CURVE('',#1370,#1376,#1371,.T.);
#1378=ORIENTED_EDGE('',*,*,#1377,.T.);
#1379=(
BOUNDED_CURVE()
B_SPLINE_CURVE(1,(#1380,#1381),.UNSPECIFIED.,.F.,.F.)
B_SPLINE_CURVE_WITH_KNOTS((2,2),(0.000,1.000),.UNSPECIFIED.)
CURVE()
GEOMETRIC_REPRESENTATION_ITEM()
RATIONAL_B_SPLINE_CURVE((1.0000000000,1.0000000000))
REPRESENTATION_ITEM('')
);
#1380=CARTESIAN_POINT('',(77.7191329144,-55.4478795235,56.2870695251));
#1381=CARTESIAN_POINT('',(77.7191329144,-55.4478795235,3.2798848648));

#1382=CARTESIAN_POINT('',(77.7191329144,-55.4478795235,3.2798848648));
#1383=VERTEX_POINT('',#1382);
#1384=EDGE_CURVE('',#1376,#1383,#1379,.T.);
#1385=ORIENTED_EDGE('',*,*,#1384,.T.);
#1386=(
BOUNDED_CURVE()
B_SPLINE_CURVE(2,(#1387,#1388,#1389),.UNSPECIFIED.,.F.,.F.)
B_SPLINE_CURVE_WITH_KNOTS((3,3),(0.000,1.000),.UNSPECIFIED.)
CURVE()
GEOMETRIC_REPRESENTATION_ITEM()
RATIONAL_B_SPLINE_CURVE((1.0000000000,0.7071067812,1.0000000000))
REPRESENTATION_ITEM('')
);
#1387=CARTESIAN_POINT('',(77.7191329144,-55.4478795235,3.2798848648));
#1388=CARTESIAN_POINT('',(79.3963053367,-55.4478795235,3.2798848648));
#1389=CARTESIAN_POINT('',(79.3963053368,-57.1250519459,3.2798848648));

#1390=CARTESIAN_POINT('',(79.3963053368,-57.1250519459,3.2798848648));
#1391=VERTEX_POINT('',#1390);
#1392=EDGE_CURVE('',#1383,#1391,#1386,.T.);
#1393=ORIENTED_EDGE('',*,*,#1392,.T.);
#1394=(
BOUNDED_CURVE()
B_SPLINE_CURVE(1,(#1395,#1396),.UNSPECIFIED.,.F.,.F.)
B_SPLINE_CURVE_WITH_KNOTS((2,2),(0.000,1.000),.UNSPECIFIED.)
CURVE()
GEOMETRIC_REPRESENTATION_ITEM()
RATIONAL_B_SPLINE_CURVE((1.0000000000,1.0000000000))
REPRESENTATION_ITEM('')
);
#1395=CARTESIAN_POINT('',(79.3963053368,-57.1250519460,3.2798848648));
#1396=CARTESIAN_POINT('',(79.3963053368,-57.1250519460,56.2870695251));

#1397=EDGE_CURVE('',#1391,#1370,#1394,.T.);
#1398=ORIENTED_EDGE('',*,*,#1397,.T.);
#1399=EDGE_LOOP('',(#1378,#1385,#1393,#1398));
#1400=FACE_OUTER_BOUND('',#1399,.T.);
#1401=ADVANCED_FACE('',(#1400),#1362,.T.);
#1402=COLOUR_RGB('',0.39,0.39,0.39);
#1403=FILL_AREA_STYLE_COLOUR('',#1402);
#1404=FILL_AREA_STYLE('',(#1403));
#1405=SURFACE_STYLE_FILL_AREA(#1404);
#1406=SURFACE_STYLE_TRANSPARENT(0.00);
#1407=SURFACE_STYLE_RENDERING_WITH_PROPERTIES(.NORMAL_SHADING.,#1402,(#1406));
#1408=SURFACE_SIDE_STYLE('',(#1405, #1407));
#1409=SURFACE_STYLE_USAGE(.BOTH.,#1408);
#1410=PRESENTATION_STYLE_ASSIGNMENT((#1409));
#1411=STYLED_ITEM('',(#1410),#1401);

#1412=(
BOUNDED_SURFACE()
B_SPLINE_SURFACE(1,1,((#1413,#1414),(#1415,#1416)),.UNSPECIFIED.,.F.,.F.,.F.)
B_SPLINE_SURFACE_WITH_KNOTS((2,2),(2,2),(0.000,1.000),(0.000,1.000),.UNSPECIFIED.)
GEOMETRIC_REPRESENTATION_ITEM()
RATIONAL_B_SPLINE_SURFACE(((1.0000000000,1.0000000000),(1.0000000000,1.0000000000)))
REPRESENTATION_ITEM('')
SURFACE()
);
#1413=CARTESIAN_POINT('',(0.0000000000,0.0000000000,59.0923159445));
#1414=CARTESIAN_POINT('',(80.0000000000,0.0000000000,59.0923159445));
#1415=CARTESIAN_POINT('',(0.0000000000,-59.3870000000,59.0923159445));
#1416=CARTESIAN_POINT('',(80.0000000000,-59.3870000000,59.0923159445));

#1417=CARTESIAN_POINT('',(79.9394702954,0.0000000000,59.0923159445));
#1418=VERTEX_POINT('',#1417);
#1419=(
BOUNDED_CURVE()
B_SPLINE_CURVE(1,(#1420,#1421),.UNSPECIFIED.,.F.,.F.)
B_SPLINE_CURVE_WITH_KNOTS((2,2),(0.000,1.000),.UNSPECIFIED.)
CURVE()
GEOMETRIC_REPRESENTATION_ITEM()
RATIONAL_B_SPLINE_CURVE((1.0000000000,1.0000000000))
REPRESENTATION_ITEM('')
);
#1420=CARTESIAN_POINT('',(79.9394702954,0.0000000000,59.0923159445));
#1421=CARTESIAN_POINT('',(80.0000000000,0.0000000000,59.0923159445));

#1422=CARTESIAN_POINT('',(80.0000000000,0.0000000000,59.0923159445));
#1423=VERTEX_POINT('',#1422);
#1424=EDGE_CURVE('',#1418,#1423,#1419,.T.);
#1425=ORIENTED_EDGE('',*,*,#1424,.T.);
#1426=(
BOUNDED_CURVE()
B_SPLINE_CURVE(1,(#1427,#1428),.UNSPECIFIED.,.F.,.F.)
B_SPLINE_CURVE_WITH_KNOTS((2,2),(0.000,1.000),.UNSPECIFIED.)
CURVE()
GEOMETRIC_REPRESENTATION_ITEM()
RATIONAL_B_SPLINE_CURVE((1.0000000000,1.0000000000))
REPRESENTATION_ITEM('')
);
#1427=CARTESIAN_POINT('',(80.0000000000,0.0000000000,59.0923159445));
#1428=CARTESIAN_POINT('',(80.0000000000,-59.3870000000,59.0923159445));

#1429=CARTESIAN_POINT('',(80.0000000000,-59.3870000000,59.0923159445));
#1430=VERTEX_POINT('',#1429);
#1431=EDGE_CURVE('',#1423,#1430,#1426,.T.);
#1432=ORIENTED_EDGE('',*,*,#1431,.T.);
#1433=(
BOUNDED_CURVE()
B_SPLINE_CURVE(1,(#1434,#1435),.UNSPECIFIED.,.F.,.F.)
B_SPLINE_CURVE_WITH_KNOTS((2,2),(0.000,1.000),.UNSPECIFIED.)
CURVE()
GEOMETRIC_REPRESENTATION_ITEM()
RATIONAL_B_SPLINE_CURVE((1.0000000000,1.0000000000))
REPRESENTATION_ITEM('')
);
#1434=CARTESIAN_POINT('',(80.0000000000,-59.3870000000,59.0923159445));
#1435=CARTESIAN_POINT('',(79.9394702954,-59.3870000000,59.0923159445));

#1436=CARTESIAN_POINT('',(79.9394702954,-59.3870000000,59.0923159445));
#1437=VERTEX_POINT('',#1436);
#1438=EDGE_CURVE('',#1430,#1437,#1433,.T.);
#1439=ORIENTED_EDGE('',*,*,#1438,.T.);
#1440=(
BOUNDED_CURVE()
B_SPLINE_CURVE(1,(#1441,#1442),.UNSPECIFIED.,.F.,.F.)
B_SPLINE_CURVE_WITH_KNOTS((2,2),(0.000,1.000),.UNSPECIFIED.)
CURVE()
GEOMETRIC_REPRESENTATION_ITEM()
RATIONAL_B_SPLINE_CURVE((1.0000000000,1.0000000000))
REPRESENTATION_ITEM('')
);
#1441=CARTESIAN_POINT('',(79.9394702954,-59.3870000000,59.0923159445));
#1442=CARTESIAN_POINT('',(79.9394702954,0.0000000000,59.0923159445));

#1443=EDGE_CURVE('',#1437,#1418,#1440,.T.);
#1444=ORIENTED_EDGE('',*,*,#1443,.T.);
#1445=EDGE_LOOP('',(#1425,#1432,#1439,#1444));
#1446=FACE_OUTER_BOUND('',#1445,.T.);
#1447=ADVANCED_FACE('',(#1446),#1412,.T.);
#1448=COLOUR_RGB('',0.39,0.39,0.39);
#1449=FILL_AREA_STYLE_COLOUR('',#1448);
#1450=FILL_AREA_STYLE('',(#1449));
#1451=SURFACE_STYLE_FILL_AREA(#1450);
#1452=SURFACE_STYLE_TRANSPARENT(0.00);
#1453=SURFACE_STYLE_RENDERING_WITH_PROPERTIES(.NORMAL_SHADING.,#1448,(#1452));
#1454=SURFACE_SIDE_STYLE('',(#1451, #1453));
#1455=SURFACE_STYLE_USAGE(.BOTH.,#1454);
#1456=PRESENTATION_STYLE_ASSIGNMENT((#1455));
#1457=STYLED_ITEM('',(#1456),#1447);

#1458=(
BOUNDED_SURFACE()
B_SPLINE_SURFACE(1,1,((#1459,#1460),(#1461,#1462)),.UNSPECIFIED.,.F.,.F.,.F.)
B_SPLINE_SURFACE_WITH_KNOTS((2,2),(2,2),(0.000,1.000),(0.000,1.000),.UNSPECIFIED.)
GEOMETRIC_REPRESENTATION_ITEM()
RATIONAL_B_SPLINE_SURFACE(((1.0000000000,1.0000000000),(1.0000000000,1.0000000000)))
REPRESENTATION_ITEM('')
SURFACE()
);
#1459=CARTESIAN_POINT('',(80.0000000000,0.0000000000,56.2870695251));
#1460=CARTESIAN_POINT('',(0.0000000000,0.0000000000,56.2870695251));
#1461=CARTESIAN_POINT('',(80.0000000000,-59.3870000000,56.2870695251));
#1462=CARTESIAN_POINT('',(0.0000000000,-59.3870000000,56.2870695251));

#1463=CARTESIAN_POINT('',(0.0000000000,0.0000000000,56.2870695251));
#1464=VERTEX_POINT('',#1463);
#1465=(
BOUNDED_CURVE()
B_SPLINE_CURVE(1,(#1466,#1467),.UNSPECIFIED.,.F.,.F.)
B_SPLINE_CURVE_WITH_KNOTS((2,2),(0.000,1.000),.UNSPECIFIED.)
CURVE()
GEOMETRIC_REPRESENTATION_ITEM()
RATIONAL_B_SPLINE_CURVE((1.0000000000,1.0000000000))
REPRESENTATION_ITEM('')
);
#1466=CARTESIAN_POINT('',(0.0000000000,0.0000000000,56.2870695251));
#1467=CARTESIAN_POINT('',(0.0000000000,-59.3870000000,56.2870695251));

#1468=CARTESIAN_POINT('',(0.0000000000,-59.3870000000,56.2870695251));
#1469=VERTEX_POINT('',#1468);
#1470=EDGE_CURVE('',#1464,#1469,#1465,.T.);
#1471=ORIENTED_EDGE('',*,*,#1470,.T.);
#1472=(
BOUNDED_CURVE()
B_SPLINE_CURVE(1,(#1473,#1474),.UNSPECIFIED.,.F.,.F.)
B_SPLINE_CURVE_WITH_KNOTS((2,2),(0.000,1.000),.UNSPECIFIED.)
CURVE()
GEOMETRIC_REPRESENTATION_ITEM()
RATIONAL_B_SPLINE_CURVE((1.0000000000,1.0000000000))
REPRESENTATION_ITEM('')
);
#1473=CARTESIAN_POINT('',(0.0000000000,-59.3870000000,56.2870695251));
#1474=CARTESIAN_POINT('',(80.0000000000,-59.3870000000,56.2870695251));

#1475=CARTESIAN_POINT('',(80.0000000000,-59.3870000000,56.2870695251));
#1476=VERTEX_POINT('',#1475);
#1477=EDGE_CURVE('',#1469,#1476,#1472,.T.);
#1478=ORIENTED_EDGE('',*,*,#1477,.T.);
#1479=(
BOUNDED_CURVE()
B_SPLINE_CURVE(1,(#1480,#1481),.UNSPECIFIED.,.F.,.F.)
B_SPLINE_CURVE_WITH_KNOTS((2,2),(0.000,1.000),.UNSPECIFIED.)
CURVE()
GEOMETRIC_REPRESENTATION_ITEM()
RATIONAL_B_SPLINE_CURVE((1.0000000000,1.0000000000))
REPRESENTATION_ITEM('')
);
#1480=CARTESIAN_POINT('',(80.0000000000,-59.3870000000,56.2870695251));
#1481=CARTESIAN_POINT('',(80.0000000000,0.0000000000,56.2870695251));

#1482=CARTESIAN_POINT('',(80.0000000000,0.0000000000,56.2870695251));
#1483=VERTEX_POINT('',#1482);
#1484=EDGE_CURVE('',#1476,#1483,#1479,.T.);
#1485=ORIENTED_EDGE('',*,*,#1484,.T.);
#1486=(
BOUNDED_CURVE()
B_SPLINE_CURVE(1,(#1487,#1488),.UNSPECIFIED.,.F.,.F.)
B_SPLINE_CURVE_WITH_KNOTS((2,2),(0.000,1.000),.UNSPECIFIED.)
CURVE()
GEOMETRIC_REPRESENTATION_ITEM()
RATIONAL_B_SPLINE_CURVE((1.0000000000,1.0000000000))
REPRESENTATION_ITEM('')
);
#1487=CARTESIAN_POINT('',(80.0000000000,0.0000000000,56.2870695251));
#1488=CARTESIAN_POINT('',(0.0000000000,0.0000000000,56.2870695251));

#1489=EDGE_CURVE('',#1483,#1464,#1486,.T.);
#1490=ORIENTED_EDGE('',*,*,#1489,.T.);
#1491=EDGE_LOOP('',(#1471,#1478,#1485,#1490));
#1492=FACE_OUTER_BOUND('',#1491,.T.);
#1493=CARTESIAN_POINT('',(0.7758300777,-2.5867584202,56.2870695251));
#1494=VERTEX_POINT('',#1493);
#1495=(
BOUNDED_CURVE()
B_SPLINE_CURVE(2,(#1496,#1497,#1498),.UNSPECIFIED.,.F.,.F.)
B_SPLINE_CURVE_WITH_KNOTS((3,3),(0.000,1.000),.UNSPECIFIED.)
CURVE()
GEOMETRIC_REPRESENTATION_ITEM()
RATIONAL_B_SPLINE_CURVE((1.0000000000,0.7071067812,1.0000000000))
REPRESENTATION_ITEM('')
);
#1496=CARTESIAN_POINT('',(0.7758300777,-2.5867584201,56.2870695251));
#1497=CARTESIAN_POINT('',(0.7758300777,-0.9095859978,56.2870695251));
#1498=CARTESIAN_POINT('',(2.4530025001,-0.9095859977,56.2870695251));

#1499=CARTESIAN_POINT('',(2.4530025001,-0.9095859977,56.2870695251));
#1500=VERTEX_POINT('',#1499);
#1501=EDGE_CURVE('',#1494,#1500,#1495,.T.);
#1502=ORIENTED_EDGE('',*,*,#1501,.T.);
#1503=(
BOUNDED_CURVE()
B_SPLINE_CURVE(2,(#1504,#1505,#1506),.UNSPECIFIED.,.F.,.F.)
B_SPLINE_CURVE_WITH_KNOTS((3,3),(0.000,1.000),.UNSPECIFIED.)
CURVE()
GEOMETRIC_REPRESENTATION_ITEM()
RATIONAL_B_SPLINE_CURVE((1.0000000000,0.7071067812,1.0000000000))
REPRESENTATION_ITEM('')
);
#1504=CARTESIAN_POINT('',(2.4530025001,-0.9095859977,56.2870695251));
#1505=CARTESIAN_POINT('',(4.1301749225,-0.9095859977,56.2870695251));
#1506=CARTESIAN_POINT('',(4.1301749226,-2.5867584200,56.2870695251));

#1507=CARTESIAN_POINT('',(4.1301749226,-2.5867584200,56.2870695251));
#1508=VERTEX_POINT('',#1507);
#1509=EDGE_CURVE('',#1500,#1508,#1503,.T.);
#1510=ORIENTED_EDGE('',*,*,#1509,.T.);
#1511=(
BOUNDED_CURVE()
B_SPLINE_CURVE(2,(#1512,#1513,#1514),.UNSPECIFIED.,.F.,.F.)
B_SPLINE_CURVE_WITH_KNOTS((3,3),(0.000,1.000),.UNSPECIFIED.)
CURVE()
GEOMETRIC_REPRESENTATION_ITEM()
RATIONAL_B_SPLINE_CURVE((1.0000000000,0.7071067812,1.0000000000))
REPRESENTATION_ITEM('')
);
#1512=CARTESIAN_POINT('',(4.1301749226,-2.5867584201,56.2870695251));
#1513=CARTESIAN_POINT('',(4.1301749226,-4.2639308425,56.2870695251));
#1514=CARTESIAN_POINT('',(2.4530025002,-4.2639308426,56.2870695251));

#1515=CARTESIAN_POINT('',(2.4530025002,-4.2639308426,56.2870695251));
#1516=VERTEX_POINT('',#1515);
#1517=EDGE_CURVE('',#1508,#1516,#1511,.T.);
#1518=ORIENTED_EDGE('',*,*,#1517,.T.);
#1519=(
BOUNDED_CURVE()
B_SPLINE_CURVE(2,(#1520,#1521,#1522),.UNSPECIFIED.,.F.,.F.)
B_SPLINE_CURVE_WITH_KNOTS((3,3),(0.000,1.000),.UNSPECIFIED.)
CURVE()
GEOMETRIC_REPRESENTATION_ITEM()
RATIONAL_B_SPLINE_CURVE((1.0000000000,0.7071067812,1.0000000000))
REPRESENTATION_ITEM('')
);
#1520=CARTESIAN_POINT('',(2.4530025001,-4.2639308426,56.2870695251));
#1521=CARTESIAN_POINT('',(0.7758300778,-4.2639308426,56.2870695251));
#1522=CARTESIAN_POINT('',(0.7758300777,-2.5867584202,56.2870695251));

#1523=EDGE_CURVE('',#1516,#1494,#1519,.T.);
#1524=ORIENTED_EDGE('',*,*,#1523,.T.);
#1525=EDGE_LOOP('',(#1502,#1510,#1518,#1524));
#1526=FACE_BOUND('',#1525,.T.);
#1527=CARTESIAN_POINT('',(75.8931402293,-2.5905260218,56.2870695251));
#1528=VERTEX_POINT('',#1527);
#1529=(
BOUNDED_CURVE()
B_SPLINE_CURVE(2,(#1530,#1531,#1532),.UNSPECIFIED.,.F.,.F.)
B_SPLINE_CURVE_WITH_KNOTS((3,3),(0.000,1.000),.UNSPECIFIED.)
CURVE()
GEOMETRIC_REPRESENTATION_ITEM()
RATIONAL_B_SPLINE_CURVE((1.0000000000,0.7071067812,1.0000000000))
REPRESENTATION_ITEM('')
);
#1530=CARTESIAN_POINT('',(75.8931402293,-2.5905260217,56.2870695251));
#1531=CARTESIAN_POINT('',(75.8931402293,-0.9133535994,56.2870695251));
#1532=CARTESIAN_POINT('',(77.5703126516,-0.9133535993,56.2870695251));

#1533=CARTESIAN_POINT('',(77.5703126516,-0.9133535993,56.2870695251));
#1534=VERTEX_POINT('',#1533);
#1535=EDGE_CURVE('',#1528,#1534,#1529,.T.);
#1536=ORIENTED_EDGE('',*,*,#1535,.T.);
#1537=(
BOUNDED_CURVE()
B_SPLINE_CURVE(2,(#1538,#1539,#1540),.UNSPECIFIED.,.F.,.F.)
B_SPLINE_CURVE_WITH_KNOTS((3,3),(0.000,1.000),.UNSPECIFIED.)
CURVE()
GEOMETRIC_REPRESENTATION_ITEM()
RATIONAL_B_SPLINE_CURVE((1.0000000000,0.7071067812,1.0000000000))
REPRESENTATION_ITEM('')
);
#1538=CARTESIAN_POINT('',(77.5703126517,-0.9133535993,56.2870695251));
#1539=CARTESIAN_POINT('',(79.2474850741,-0.9133535993,56.2870695251));
#1540=CARTESIAN_POINT('',(79.2474850742,-2.5905260216,56.2870695251));

#1541=CARTESIAN_POINT('',(79.2474850742,-2.5905260216,56.2870695251));
#1542=VERTEX_POINT('',#1541);
#1543=EDGE_CURVE('',#1534,#1542,#1537,.T.);
#1544=ORIENTED_EDGE('',*,*,#1543,.T.);
#1545=(
BOUNDED_CURVE()
B_SPLINE_CURVE(2,(#1546,#1547,#1548),.UNSPECIFIED.,.F.,.F.)
B_SPLINE_CURVE_WITH_KNOTS((3,3),(0.000,1.000),.UNSPECIFIED.)
CURVE()
GEOMETRIC_REPRESENTATION_ITEM()
RATIONAL_B_SPLINE_CURVE((1.0000000000,0.7071067812,1.0000000000))
REPRESENTATION_ITEM('')
);
#1546=CARTESIAN_POINT('',(79.2474850742,-2.5905260217,56.2870695251));
#1547=CARTESIAN_POINT('',(79.2474850742,-4.2676984441,56.2870695251));
#1548=CARTESIAN_POINT('',(77.5703126518,-4.2676984441,56.2870695251));

#1549=CARTESIAN_POINT('',(77.5703126518,-4.2676984441,56.2870695251));
#1550=VERTEX_POINT('',#1549);
#1551=EDGE_CURVE('',#1542,#1550,#1545,.T.);
#1552=ORIENTED_EDGE('',*,*,#1551,.T.);
#1553=(
BOUNDED_CURVE()
B_SPLINE_CURVE(2,(#1554,#1555,#1556),.UNSPECIFIED.,.F.,.F.)
B_SPLINE_CURVE_WITH_KNOTS((3,3),(0.000,1.000),.UNSPECIFIED.)
CURVE()
GEOMETRIC_REPRESENTATION_ITEM()
RATIONAL_B_SPLINE_CURVE((1.0000000000,0.7071067812,1.0000000000))
REPRESENTATION_ITEM('')
);
#1554=CARTESIAN_POINT('',(77.5703126517,-4.2676984441,56.2870695251));
#1555=CARTESIAN_POINT('',(75.8931402294,-4.2676984441,56.2870695251));
#1556=CARTESIAN_POINT('',(75.8931402293,-2.5905260218,56.2870695251));

#1557=EDGE_CURVE('',#1550,#1528,#1553,.T.);
#1558=ORIENTED_EDGE('',*,*,#1557,.T.);
#1559=EDGE_LOOP('',(#1536,#1544,#1552,#1558));
#1560=FACE_BOUND('',#1559,.T.);
#1561=CARTESIAN_POINT('',(0.6352985385,-57.1578300799,56.2870695251));
#1562=VERTEX_POINT('',#1561);
#1563=(
BOUNDED_CURVE()
B_SPLINE_CURVE(2,(#1564,#1565,#1566),.UNSPECIFIED.,.F.,.F.)
B_SPLINE_CURVE_WITH_KNOTS((3,3),(0.000,1.000),.UNSPECIFIED.)
CURVE()
GEOMETRIC_REPRESENTATION_ITEM()
RATIONAL_B_SPLINE_CURVE((1.0000000000,0.7071067812,1.0000000000))
REPRESENTATION_ITEM('')
);
#1564=CARTESIAN_POINT('',(0.6352985385,-57.1578300798,56.2870695251));
#1565=CARTESIAN_POINT('',(0.6352985385,-55.4806576574,56.2870695251));
#1566=CARTESIAN_POINT('',(2.3124709609,-55.4806576573,56.2870695251));

#1567=CARTESIAN_POINT('',(2.3124709609,-55.4806576573,56.2870695251));
#1568=VERTEX_POINT('',#1567);
#1569=EDGE_CURVE('',#1562,#1568,#1563,.T.);
#1570=ORIENTED_EDGE('',*,*,#1569,.T.);
#1571=(
BOUNDED_CURVE()
B_SPLINE_CURVE(2,(#1572,#1573,#1574),.UNSPECIFIED.,.F.,.F.)
B_SPLINE_CURVE_WITH_KNOTS((3,3),(0.000,1.000),.UNSPECIFIED.)
CURVE()
GEOMETRIC_REPRESENTATION_ITEM()
RATIONAL_B_SPLINE_CURVE((1.0000000000,0.7071067812,1.0000000000))
REPRESENTATION_ITEM('')
);
#1572=CARTESIAN_POINT('',(2.3124709610,-55.4806576573,56.2870695251));
#1573=CARTESIAN_POINT('',(3.9896433833,-55.4806576573,56.2870695251));
#1574=CARTESIAN_POINT('',(3.9896433834,-57.1578300797,56.2870695251));

#1575=CARTESIAN_POINT('',(3.9896433834,-57.1578300797,56.2870695251));
#1576=VERTEX_POINT('',#1575);
#1577=EDGE_CURVE('',#1568,#1576,#1571,.T.);
#1578=ORIENTED_EDGE('',*,*,#1577,.T.);
#1579=(
BOUNDED_CURVE()
B_SPLINE_CURVE(2,(#1580,#1581,#1582),.UNSPECIFIED.,.F.,.F.)
B_SPLINE_CURVE_WITH_KNOTS((3,3),(0.000,1.000),.UNSPECIFIED.)
CURVE()
GEOMETRIC_REPRESENTATION_ITEM()
RATIONAL_B_SPLINE_CURVE((1.0000000000,0.7071067812,1.0000000000))
REPRESENTATION_ITEM('')
);
#1580=CARTESIAN_POINT('',(3.9896433834,-57.1578300798,56.2870695251));
#1581=CARTESIAN_POINT('',(3.9896433834,-58.8350025021,56.2870695251));
#1582=CARTESIAN_POINT('',(2.3124709610,-58.8350025022,56.2870695251));

#1583=CARTESIAN_POINT('',(2.3124709610,-58.8350025022,56.2870695251));
#1584=VERTEX_POINT('',#1583);
#1585=EDGE_CURVE('',#1576,#1584,#1579,.T.);
#1586=ORIENTED_EDGE('',*,*,#1585,.T.);
#1587=(
BOUNDED_CURVE()
B_SPLINE_CURVE(2,(#1588,#1589,#1590),.UNSPECIFIED.,.F.,.F.)
B_SPLINE_CURVE_WITH_KNOTS((3,3),(0.000,1.000),.UNSPECIFIED.)
CURVE()
GEOMETRIC_REPRESENTATION_ITEM()
RATIONAL_B_SPLINE_CURVE((1.0000000000,0.7071067812,1.0000000000))
REPRESENTATION_ITEM('')
);
#1588=CARTESIAN_POINT('',(2.3124709610,-58.8350025022,56.2870695251));
#1589=CARTESIAN_POINT('',(0.6352985386,-58.8350025022,56.2870695251));
#1590=CARTESIAN_POINT('',(0.6352985385,-57.1578300799,56.2870695251));

#1591=EDGE_CURVE('',#1584,#1562,#1587,.T.);
#1592=ORIENTED_EDGE('',*,*,#1591,.T.);
#1593=EDGE_LOOP('',(#1570,#1578,#1586,#1592));
#1594=FACE_BOUND('',#1593,.T.);
#1595=CARTESIAN_POINT('',(76.0419604920,-57.1250519461,56.2870695251));
#1596=VERTEX_POINT('',#1595);
#1597=(
BOUNDED_CURVE()
B_SPLINE_CURVE(2,(#1598,#1599,#1600),.UNSPECIFIED.,.F.,.F.)
B_SPLINE_CURVE_WITH_KNOTS((3,3),(0.000,1.000),.UNSPECIFIED.)
CURVE()
GEOMETRIC_REPRESENTATION_ITEM()
RATIONAL_B_SPLINE_CURVE((1.0000000000,0.7071067812,1.0000000000))
REPRESENTATION_ITEM('')
);
#1598=CARTESIAN_POINT('',(76.0419604920,-57.1250519460,56.2870695251));
#1599=CARTESIAN_POINT('',(76.0419604920,-55.4478795236,56.2870695251));
#1600=CARTESIAN_POINT('',(77.7191329143,-55.4478795235,56.2870695251));

#1601=CARTESIAN_POINT('',(77.7191329143,-55.4478795235,56.2870695251));
#1602=VERTEX_POINT('',#1601);
#1603=EDGE_CURVE('',#1596,#1602,#1597,.T.);
#1604=ORIENTED_EDGE('',*,*,#1603,.T.);
#1605=(
BOUNDED_CURVE()
B_SPLINE_CURVE(2,(#1606,#1607,#1608),.UNSPECIFIED.,.F.,.F.)
B_SPLINE_CURVE_WITH_KNOTS((3,3),(0.000,1.000),.UNSPECIFIED.)
CURVE()
GEOMETRIC_REPRESENTATION_ITEM()
RATIONAL_B_SPLINE_CURVE((1.0000000000,0.7071067812,1.0000000000))
REPRESENTATION_ITEM('')
);
#1606=CARTESIAN_POINT('',(77.7191329144,-55.4478795235,56.2870695251));
#1607=CARTESIAN_POINT('',(79.3963053367,-55.4478795235,56.2870695251));
#1608=CARTESIAN_POINT('',(79.3963053368,-57.1250519459,56.2870695251));

#1609=CARTESIAN_POINT('',(79.3963053368,-57.1250519459,56.2870695251));
#1610=VERTEX_POINT('',#1609);
#1611=EDGE_CURVE('',#1602,#1610,#1605,.T.);
#1612=ORIENTED_EDGE('',*,*,#1611,.T.);
#1613=(
BOUNDED_CURVE()
B_SPLINE_CURVE(2,(#1614,#1615,#1616),.UNSPECIFIED.,.F.,.F.)
B_SPLINE_CURVE_WITH_KNOTS((3,3),(0.000,1.000),.UNSPECIFIED.)
CURVE()
GEOMETRIC_REPRESENTATION_ITEM()
RATIONAL_B_SPLINE_CURVE((1.0000000000,0.7071067812,1.0000000000))
REPRESENTATION_ITEM('')
);
#1614=CARTESIAN_POINT('',(79.3963053368,-57.1250519460,56.2870695251));
#1615=CARTESIAN_POINT('',(79.3963053368,-58.8022243683,56.2870695251));
#1616=CARTESIAN_POINT('',(77.7191329145,-58.8022243684,56.2870695251));

#1617=CARTESIAN_POINT('',(77.7191329145,-58.8022243684,56.2870695251));
#1618=VERTEX_POINT('',#1617);
#1619=EDGE_CURVE('',#1610,#1618,#1613,.T.);
#1620=ORIENTED_EDGE('',*,*,#1619,.T.);
#1621=(
BOUNDED_CURVE()
B_SPLINE_CURVE(2,(#1622,#1623,#1624),.UNSPECIFIED.,.F.,.F.)
B_SPLINE_CURVE_WITH_KNOTS((3,3),(0.000,1.000),.UNSPECIFIED.)
CURVE()
GEOMETRIC_REPRESENTATION_ITEM()
RATIONAL_B_SPLINE_CURVE((1.0000000000,0.7071067812,1.0000000000))
REPRESENTATION_ITEM('')
);
#1622=CARTESIAN_POINT('',(77.7191329144,-58.8022243684,56.2870695251));
#1623=CARTESIAN_POINT('',(76.0419604920,-58.8022243684,56.2870695251));
#1624=CARTESIAN_POINT('',(76.0419604920,-57.1250519461,56.2870695251));

#1625=EDGE_CURVE('',#1618,#1596,#1621,.T.);
#1626=ORIENTED_EDGE('',*,*,#1625,.T.);
#1627=EDGE_LOOP('',(#1604,#1612,#1620,#1626));
#1628=FACE_BOUND('',#1627,.T.);
#1629=ADVANCED_FACE('',(#1492,#1526,#1560,#1594,#1628),#1458,.T.);
#1630=COLOUR_RGB('',0.39,0.39,0.39);
#1631=FILL_AREA_STYLE_COLOUR('',#1630);
#1632=FILL_AREA_STYLE('',(#1631));
#1633=SURFACE_STYLE_FILL_AREA(#1632);
#1634=SURFACE_STYLE_TRANSPARENT(0.00);
#1635=SURFACE_STYLE_RENDERING_WITH_PROPERTIES(.NORMAL_SHADING.,#1630,(#1634));
#1636=SURFACE_SIDE_STYLE('',(#1633, #1635));
#1637=SURFACE_STYLE_USAGE(.BOTH.,#1636);
#1638=PRESENTATION_STYLE_ASSIGNMENT((#1637));
#1639=STYLED_ITEM('',(#1638),#1629);

#1640=(
BOUNDED_SURFACE()
B_SPLINE_SURFACE(1,1,((#1641,#1642),(#1643,#1644)),.UNSPECIFIED.,.F.,.F.,.F.)
B_SPLINE_SURFACE_WITH_KNOTS((2,2),(2,2),(0.000,1.000),(0.000,1.000),.UNSPECIFIED.)
GEOMETRIC_REPRESENTATION_ITEM()
RATIONAL_B_SPLINE_SURFACE(((1.0000000000,1.0000000000),(1.0000000000,1.0000000000)))
REPRESENTATION_ITEM('')
SURFACE()
);
#1641=CARTESIAN_POINT('',(80.0000000000,-59.3870000000,59.0923159445));
#1642=CARTESIAN_POINT('',(80.0000000000,-59.3870000000,56.2870695251));
#1643=CARTESIAN_POINT('',(0.0000000000,-59.3870000000,59.0923159445));
#1644=CARTESIAN_POINT('',(0.0000000000,-59.3870000000,56.2870695251));

#1645=CARTESIAN_POINT('',(80.0000000000,-59.3870000000,59.0923159445));
#1646=VERTEX_POINT('',#1645);
#1647=(
BOUNDED_CURVE()
B_SPLINE_CURVE(1,(#1648,#1649),.UNSPECIFIED.,.F.,.F.)
B_SPLINE_CURVE_WITH_KNOTS((2,2),(0.000,1.000),.UNSPECIFIED.)
CURVE()
GEOMETRIC_REPRESENTATION_ITEM()
RATIONAL_B_SPLINE_CURVE((1.0000000000,1.0000000000))
REPRESENTATION_ITEM('')
);
#1648=CARTESIAN_POINT('',(80.0000000000,-59.3870000000,59.0923159445));
#1649=CARTESIAN_POINT('',(80.0000000000,-59.3870000000,56.2870695251));

#1650=CARTESIAN_POINT('',(80.0000000000,-59.3870000000,56.2870695251));
#1651=VERTEX_POINT('',#1650);
#1652=EDGE_CURVE('',#1646,#1651,#1647,.T.);
#1653=ORIENTED_EDGE('',*,*,#1652,.T.);
#1654=(
BOUNDED_CURVE()
B_SPLINE_CURVE(1,(#1655,#1656),.UNSPECIFIED.,.F.,.F.)
B_SPLINE_CURVE_WITH_KNOTS((2,2),(0.000,1.000),.UNSPECIFIED.)
CURVE()
GEOMETRIC_REPRESENTATION_ITEM()
RATIONAL_B_SPLINE_CURVE((1.0000000000,1.0000000000))
REPRESENTATION_ITEM('')
);
#1655=CARTESIAN_POINT('',(80.0000000000,-59.3870000000,56.2870695251));
#1656=CARTESIAN_POINT('',(0.0000000000,-59.3870000000,56.2870695251));

#1657=CARTESIAN_POINT('',(0.0000000000,-59.3870000000,56.2870695251));
#1658=VERTEX_POINT('',#1657);
#1659=EDGE_CURVE('',#1651,#1658,#1654,.T.);
#1660=ORIENTED_EDGE('',*,*,#1659,.T.);
#1661=(
BOUNDED_CURVE()
B_SPLINE_CURVE(1,(#1662,#1663),.UNSPECIFIED.,.F.,.F.)
B_SPLINE_CURVE_WITH_KNOTS((2,2),(0.000,1.000),.UNSPECIFIED.)
CURVE()
GEOMETRIC_REPRESENTATION_ITEM()
RATIONAL_B_SPLINE_CURVE((1.0000000000,1.0000000000))
REPRESENTATION_ITEM('')
);
#1662=CARTESIAN_POINT('',(0.0000000000,-59.3870000000,56.2870695251));
#1663=CARTESIAN_POINT('',(0.0000000000,-59.3870000000,59.0923159445));

#1664=CARTESIAN_POINT('',(0.0000000000,-59.3870000000,59.0923159445));
#1665=VERTEX_POINT('',#1664);
#1666=EDGE_CURVE('',#1658,#1665,#1661,.T.);
#1667=ORIENTED_EDGE('',*,*,#1666,.T.);
#1668=(
BOUNDED_CURVE()
B_SPLINE_CURVE(1,(#1669,#1670),.UNSPECIFIED.,.F.,.F.)
B_SPLINE_CURVE_WITH_KNOTS((2,2),(0.000,1.000),.UNSPECIFIED.)
CURVE()
GEOMETRIC_REPRESENTATION_ITEM()
RATIONAL_B_SPLINE_CURVE((1.0000000000,1.0000000000))
REPRESENTATION_ITEM('')
);
#1669=CARTESIAN_POINT('',(0.0000000000,-59.3870000000,59.0923159445));
#1670=CARTESIAN_POINT('',(80.0000000000,-59.3870000000,59.0923159445));

#1671=EDGE_CURVE('',#1665,#1646,#1668,.T.);
#1672=ORIENTED_EDGE('',*,*,#1671,.T.);
#1673=EDGE_LOOP('',(#1653,#1660,#1667,#1672));
#1674=FACE_OUTER_BOUND('',#1673,.T.);
#1675=ADVANCED_FACE('',(#1674),#1640,.T.);
#1676=COLOUR_RGB('',0.39,0.39,0.39);
#1677=FILL_AREA_STYLE_COLOUR('',#1676);
#1678=FILL_AREA_STYLE('',(#1677));
#1679=SURFACE_STYLE_FILL_AREA(#1678);
#1680=SURFACE_STYLE_TRANSPARENT(0.00);
#1681=SURFACE_STYLE_RENDERING_WITH_PROPERTIES(.NORMAL_SHADING.,#1676,(#1680));
#1682=SURFACE_SIDE_STYLE('',(#1679, #1681));
#1683=SURFACE_STYLE_USAGE(.BOTH.,#1682);
#1684=PRESENTATION_STYLE_ASSIGNMENT((#1683));
#1685=STYLED_ITEM('',(#1684),#1675);

#1686=(
BOUNDED_SURFACE()
B_SPLINE_SURFACE(1,1,((#1687,#1688),(#1689,#1690)),.UNSPECIFIED.,.F.,.F.,.F.)
B_SPLINE_SURFACE_WITH_KNOTS((2,2),(2,2),(0.000,1.000),(0.000,1.000),.UNSPECIFIED.)
GEOMETRIC_REPRESENTATION_ITEM()
RATIONAL_B_SPLINE_SURFACE(((1.0000000000,1.0000000000),(1.0000000000,1.0000000000)))
REPRESENTATION_ITEM('')
SURFACE()
);
#1687=CARTESIAN_POINT('',(-0.0000000000,-60.8554367640,95.0340233780));
#1688=CARTESIAN_POINT('',(-0.0000000000,-60.8554367640,54.8186327610));
#1689=CARTESIAN_POINT('',(0.0000000000,1.4684367640,95.0340233780));
#1690=CARTESIAN_POINT('',(0.0000000000,1.4684367640,54.8186327610));

#1691=CARTESIAN_POINT('',(0.0000000000,-59.3870000000,59.0923159445));
#1692=VERTEX_POINT('',#1691);
#1693=(
BOUNDED_CURVE()
B_SPLINE_CURVE(1,(#1694,#1695),.UNSPECIFIED.,.F.,.F.)
B_SPLINE_CURVE_WITH_KNOTS((2,2),(0.000,1.000),.UNSPECIFIED.)
CURVE()
GEOMETRIC_REPRESENTATION_ITEM()
RATIONAL_B_SPLINE_CURVE((1.0000000000,1.0000000000))
REPRESENTATION_ITEM('')
);
#1694=CARTESIAN_POINT('',(0.0000000000,-59.3870000000,59.0923159445));
#1695=CARTESIAN_POINT('',(0.0000000000,-59.3870000000,56.2870695251));

#1696=CARTESIAN_POINT('',(0.0000000000,-59.3870000000,56.2870695251));
#1697=VERTEX_POINT('',#1696);
#1698=EDGE_CURVE('',#1692,#1697,#1693,.T.);
#1699=ORIENTED_EDGE('',*,*,#1698,.T.);
#1700=(
BOUNDED_CURVE()
B_SPLINE_CURVE(1,(#1701,#1702),.UNSPECIFIED.,.F.,.F.)
B_SPLINE_CURVE_WITH_KNOTS((2,2),(0.000,1.000),.UNSPECIFIED.)
CURVE()
GEOMETRIC_REPRESENTATION_ITEM()
RATIONAL_B_SPLINE_CURVE((1.0000000000,1.0000000000))
REPRESENTATION_ITEM('')
);
#1701=CARTESIAN_POINT('',(0.0000000000,-59.3870000000,56.2870695251));
#1702=CARTESIAN_POINT('',(0.0000000000,0.0000000000,56.2870695251));

#1703=CARTESIAN_POINT('',(0.0000000000,0.0000000000,56.2870695251));
#1704=VERTEX_POINT('',#1703);
#1705=EDGE_CURVE('',#1697,#1704,#1700,.T.);
#1706=ORIENTED_EDGE('',*,*,#1705,.T.);
#1707=(
BOUNDED_CURVE()
B_SPLINE_CURVE(1,(#1708,#1709),.UNSPECIFIED.,.F.,.F.)
B_SPLINE_CURVE_WITH_KNOTS((2,2),(0.000,1.000),.UNSPECIFIED.)
CURVE()
GEOMETRIC_REPRESENTATION_ITEM()
RATIONAL_B_SPLINE_CURVE((1.0000000000,1.0000000000))
REPRESENTATION_ITEM('')
);
#1708=CARTESIAN_POINT('',(0.0000000000,0.0000000000,56.2870695251));
#1709=CARTESIAN_POINT('',(0.0000000000,0.0000000000,59.0923159445));

#1710=CARTESIAN_POINT('',(0.0000000000,0.0000000000,59.0923159445));
#1711=VERTEX_POINT('',#1710);
#1712=EDGE_CURVE('',#1704,#1711,#1707,.T.);
#1713=ORIENTED_EDGE('',*,*,#1712,.T.);
#1714=(
BOUNDED_CURVE()
B_SPLINE_CURVE(1,(#1715,#1716),.UNSPECIFIED.,.F.,.F.)
B_SPLINE_CURVE_WITH_KNOTS((2,2),(0.000,1.000),.UNSPECIFIED.)
CURVE()
GEOMETRIC_REPRESENTATION_ITEM()
RATIONAL_B_SPLINE_CURVE((1.0000000000,1.0000000000))
REPRESENTATION_ITEM('')
);
#1715=CARTESIAN_POINT('',(0.0000000000,0.0000000000,59.0923159445));
#1716=CARTESIAN_POINT('',(0.0000000000,-29.6935000000,93.5655866139));

#1717=CARTESIAN_POINT('',(0.0000000000,-29.6935000000,93.5655866139));
#1718=VERTEX_POINT('',#1717);
#1719=EDGE_CURVE('',#1711,#1718,#1714,.T.);
#1720=ORIENTED_EDGE('',*,*,#1719,.T.);
#1721=(
BOUNDED_CURVE()
B_SPLINE_CURVE(1,(#1722,#1723),.UNSPECIFIED.,.F.,.F.)
B_SPLINE_CURVE_WITH_KNOTS((2,2),(0.000,1.000),.UNSPECIFIED.)
CURVE()
GEOMETRIC_REPRESENTATION_ITEM()
RATIONAL_B_SPLINE_CURVE((1.0000000000,1.0000000000))
REPRESENTATION_ITEM('')
);
#1722=CARTESIAN_POINT('',(0.0000000000,-29.6935000000,93.5655866139));
#1723=CARTESIAN_POINT('',(0.0000000000,-59.3870000000,59.0923159445));

#1724=EDGE_CURVE('',#1718,#1692,#1721,.T.);
#1725=ORIENTED_EDGE('',*,*,#1724,.T.);
#1726=EDGE_LOOP('',(#1699,#1706,#1713,#1720,#1725));
#1727=FACE_OUTER_BOUND('',#1726,.T.);
#1728=CARTESIAN_POINT('',(0.0000000000,-12.7324341375,63.4570292234));
#1729=VERTEX_POINT('',#1728);
#1730=(
BOUNDED_CURVE()
B_SPLINE_CURVE(1,(#1731,#1732),.UNSPECIFIED.,.F.,.F.)
B_SPLINE_CURVE_WITH_KNOTS((2,2),(0.000,1.000),.UNSPECIFIED.)
CURVE()
GEOMETRIC_REPRESENTATION_ITEM()
RATIONAL_B_SPLINE_CURVE((1.0000000000,1.0000000000))
REPRESENTATION_ITEM('')
);
#1731=CARTESIAN_POINT('',(0.0000000000,-12.7324341375,63.4570292234));
#1732=CARTESIAN_POINT('',(0.0000000000,-46.7110754763,63.4570292234));

#1733=CARTESIAN_POINT('',(0.0000000000,-46.7110754763,63.4570292234));
#1734=VERTEX_POINT('',#1733);
#1735=EDGE_CURVE('',#1729,#1734,#1730,.T.);
#1736=ORIENTED_EDGE('',*,*,#1735,.T.);
#1737=(
BOUNDED_CURVE()
B_SPLINE_CURVE(1,(#1738,#1739),.UNSPECIFIED.,.F.,.F.)
B_SPLINE_CURVE_WITH_KNOTS((2,2),(0.000,1.000),.UNSPECIFIED.)
CURVE()
GEOMETRIC_REPRESENTATION_ITEM()
RATIONAL_B_SPLINE_CURVE((1.0000000000,1.0000000000))
REPRESENTATION_ITEM('')
);
#1738=CARTESIAN_POINT('',(0.0000000000,-46.7110754763,63.4570292234));
#1739=CARTESIAN_POINT('',(0.0000000000,-29.7217548069,85.9187514756));

#1740=CARTESIAN_POINT('',(0.0000000000,-29.7217548069,85.9187514756));
#1741=VERTEX_POINT('',#1740);
#1742=EDGE_CURVE('',#1734,#1741,#1737,.T.);
#1743=ORIENTED_EDGE('',*,*,#1742,.T.);
#1744=(
BOUNDED_CURVE()
B_SPLINE_CURVE(1,(#1745,#1746),.UNSPECIFIED.,.F.,.F.)
B_SPLINE_CURVE_WITH_KNOTS((2,2),(0.000,1.000),.UNSPECIFIED.)
CURVE()
GEOMETRIC_REPRESENTATION_ITEM()
RATIONAL_B_SPLINE_CURVE((1.0000000000,1.0000000000))
REPRESENTATION_ITEM('')
);
#1745=CARTESIAN_POINT('',(0.0000000000,-29.7217548069,85.9187514756));
#1746=CARTESIAN_POINT('',(0.0000000000,-12.7324341375,63.4570292234));

#1747=EDGE_CURVE('',#1741,#1729,#1744,.T.);
#1748=ORIENTED_EDGE('',*,*,#1747,.T.);
#1749=EDGE_LOOP('',(#1736,#1743,#1748));
#1750=FACE_BOUND('',#1749,.T.);
#1751=ADVANCED_FACE('',(#1727,#1750),#1686,.T.);
#1752=COLOUR_RGB('',0.39,0.39,0.39);
#1753=FILL_AREA_STYLE_COLOUR('',#1752);
#1754=FILL_AREA_STYLE('',(#1753));
#1755=SURFACE_STYLE_FILL_AREA(#1754);
#1756=SURFACE_STYLE_TRANSPARENT(0.00);
#1757=SURFACE_STYLE_RENDERING_WITH_PROPERTIES(.NORMAL_SHADING.,#1752,(#1756));
#1758=SURFACE_SIDE_STYLE('',(#1755, #1757));
#1759=SURFACE_STYLE_USAGE(.BOTH.,#1758);
#1760=PRESENTATION_STYLE_ASSIGNMENT((#1759));
#1761=STYLED_ITEM('',(#1760),#1751);

#1762=(
BOUNDED_SURFACE()
B_SPLINE_SURFACE(1,1,((#1763,#1764),(#1765,#1766)),.UNSPECIFIED.,.F.,.F.,.F.)
B_SPLINE_SURFACE_WITH_KNOTS((2,2),(2,2),(0.000,1.000),(0.000,1.000),.UNSPECIFIED.)
GEOMETRIC_REPRESENTATION_ITEM()
RATIONAL_B_SPLINE_SURFACE(((1.0000000000,1.0000000000),(1.0000000000,1.0000000000)))
REPRESENTATION_ITEM('')
SURFACE()
);
#1763=CARTESIAN_POINT('',(0.0000000000,0.0000000000,59.0923159445));
#1764=CARTESIAN_POINT('',(0.0000000000,0.0000000000,56.2870695251));
#1765=CARTESIAN_POINT('',(80.0000000000,0.0000000000,59.0923159445));
#1766=CARTESIAN_POINT('',(80.0000000000,0.0000000000,56.2870695251));

#1767=CARTESIAN_POINT('',(0.0000000000,0.0000000000,59.0923159445));
#1768=VERTEX_POINT('',#1767);
#1769=(
BOUNDED_CURVE()
B_SPLINE_CURVE(1,(#1770,#1771),.UNSPECIFIED.,.F.,.F.)
B_SPLINE_CURVE_WITH_KNOTS((2,2),(0.000,1.000),.UNSPECIFIED.)
CURVE()
GEOMETRIC_REPRESENTATION_ITEM()
RATIONAL_B_SPLINE_CURVE((1.0000000000,1.0000000000))
REPRESENTATION_ITEM('')
);
#1770=CARTESIAN_POINT('',(0.0000000000,0.0000000000,59.0923159445));
#1771=CARTESIAN_POINT('',(0.0000000000,0.0000000000,56.2870695251));

#1772=CARTESIAN_POINT('',(0.0000000000,0.0000000000,56.2870695251));
#1773=VERTEX_POINT('',#1772);
#1774=EDGE_CURVE('',#1768,#1773,#1769,.T.);
#1775=ORIENTED_EDGE('',*,*,#1774,.T.);
#1776=(
BOUNDED_CURVE()
B_SPLINE_CURVE(1,(#1777,#1778),.UNSPECIFIED.,.F.,.F.)
B_SPLINE_CURVE_WITH_KNOTS((2,2),(0.000,1.000),.UNSPECIFIED.)
CURVE()
GEOMETRIC_REPRESENTATION_ITEM()
RATIONAL_B_SPLINE_CURVE((1.0000000000,1.0000000000))
REPRESENTATION_ITEM('')
);
#1777=CARTESIAN_POINT('',(0.0000000000,0.0000000000,56.2870695251));
#1778=CARTESIAN_POINT('',(80.0000000000,0.0000000000,56.2870695251));

#1779=CARTESIAN_POINT('',(80.0000000000,0.0000000000,56.2870695251));
#1780=VERTEX_POINT('',#1779);
#1781=EDGE_CURVE('',#1773,#1780,#1776,.T.);
#1782=ORIENTED_EDGE('',*,*,#1781,.T.);
#1783=(
BOUNDED_CURVE()
B_SPLINE_CURVE(1,(#1784,#1785),.UNSPECIFIED.,.F.,.F.)
B_SPLINE_CURVE_WITH_KNOTS((2,2),(0.000,1.000),.UNSPECIFIED.)
CURVE()
GEOMETRIC_REPRESENTATION_ITEM()
RATIONAL_B_SPLINE_CURVE((1.0000000000,1.0000000000))
REPRESENTATION_ITEM('')
);
#1784=CARTESIAN_POINT('',(80.0000000000,0.0000000000,56.2870695251));
#1785=CARTESIAN_POINT('',(80.0000000000,0.0000000000,59.0923159445));

#1786=CARTESIAN_POINT('',(80.0000000000,0.0000000000,59.0923159445));
#1787=VERTEX_POINT('',#1786);
#1788=EDGE_CURVE('',#1780,#1787,#1783,.T.);
#1789=ORIENTED_EDGE('',*,*,#1788,.T.);
#1790=(
BOUNDED_CURVE()
B_SPLINE_CURVE(1,(#1791,#1792),.UNSPECIFIED.,.F.,.F.)
B_SPLINE_CURVE_WITH_KNOTS((2,2),(0.000,1.000),.UNSPECIFIED.)
CURVE()
GEOMETRIC_REPRESENTATION_ITEM()
RATIONAL_B_SPLINE_CURVE((1.0000000000,1.0000000000))
REPRESENTATION_ITEM('')
);
#1791=CARTESIAN_POINT('',(80.0000000000,0.0000000000,59.0923159445));
#1792=CARTESIAN_POINT('',(0.0000000000,0.0000000000,59.0923159445));

#1793=EDGE_CURVE('',#1787,#1768,#1790,.T.);
#1794=ORIENTED_EDGE('',*,*,#1793,.T.);
#1795=EDGE_LOOP('',(#1775,#1782,#1789,#1794));
#1796=FACE_OUTER_BOUND('',#1795,.T.);
#1797=ADVANCED_FACE('',(#1796),#1762,.T.);
#1798=COLOUR_RGB('',0.39,0.39,0.39);
#1799=FILL_AREA_STYLE_COLOUR('',#1798);
#1800=FILL_AREA_STYLE('',(#1799));
#1801=SURFACE_STYLE_FILL_AREA(#1800);
#1802=SURFACE_STYLE_TRANSPARENT(0.00);
#1803=SURFACE_STYLE_RENDERING_WITH_PROPERTIES(.NORMAL_SHADING.,#1798,(#1802));
#1804=SURFACE_SIDE_STYLE('',(#1801, #1803));
#1805=SURFACE_STYLE_USAGE(.BOTH.,#1804);
#1806=PRESENTATION_STYLE_ASSIGNMENT((#1805));
#1807=STYLED_ITEM('',(#1806),#1797);

#1808=(
BOUNDED_SURFACE()
B_SPLINE_SURFACE(1,1,((#1809,#1810),(#1811,#1812)),.UNSPECIFIED.,.F.,.F.,.F.)
B_SPLINE_SURFACE_WITH_KNOTS((2,2),(2,2),(0.000,1.000),(0.000,1.000),.UNSPECIFIED.)
GEOMETRIC_REPRESENTATION_ITEM()
RATIONAL_B_SPLINE_SURFACE(((1.0000000000,1.0000000000),(1.0000000000,1.0000000000)))
REPRESENTATION_ITEM('')
SURFACE()
);
#1809=CARTESIAN_POINT('',(80.0000000000,0.0000000000,59.0923159445));
#1810=CARTESIAN_POINT('',(80.0000000000,0.0000000000,56.2870695251));
#1811=CARTESIAN_POINT('',(80.0000000000,-59.3870000000,59.0923159445));
#1812=CARTESIAN_POINT('',(80.0000000000,-59.3870000000,56.2870695251));

#1813=CARTESIAN_POINT('',(80.0000000000,0.0000000000,59.0923159445));
#1814=VERTEX_POINT('',#1813);
#1815=(
BOUNDED_CURVE()
B_SPLINE_CURVE(1,(#1816,#1817),.UNSPECIFIED.,.F.,.F.)
B_SPLINE_CURVE_WITH_KNOTS((2,2),(0.000,1.000),.UNSPECIFIED.)
CURVE()
GEOMETRIC_REPRESENTATION_ITEM()
RATIONAL_B_SPLINE_CURVE((1.0000000000,1.0000000000))
REPRESENTATION_ITEM('')
);
#1816=CARTESIAN_POINT('',(80.0000000000,0.0000000000,59.0923159445));
#1817=CARTESIAN_POINT('',(80.0000000000,0.0000000000,56.2870695251));

#1818=CARTESIAN_POINT('',(80.0000000000,0.0000000000,56.2870695251));
#1819=VERTEX_POINT('',#1818);
#1820=EDGE_CURVE('',#1814,#1819,#1815,.T.);
#1821=ORIENTED_EDGE('',*,*,#1820,.T.);
#1822=(
BOUNDED_CURVE()
B_SPLINE_CURVE(1,(#1823,#1824),.UNSPECIFIED.,.F.,.F.)
B_SPLINE_CURVE_WITH_KNOTS((2,2),(0.000,1.000),.UNSPECIFIED.)
CURVE()
GEOMETRIC_REPRESENTATION_ITEM()
RATIONAL_B_SPLINE_CURVE((1.0000000000,1.0000000000))
REPRESENTATION_ITEM('')
);
#1823=CARTESIAN_POINT('',(80.0000000000,0.0000000000,56.2870695251));
#1824=CARTESIAN_POINT('',(80.0000000000,-59.3870000000,56.2870695251));

#1825=CARTESIAN_POINT('',(80.0000000000,-59.3870000000,56.2870695251));
#1826=VERTEX_POINT('',#1825);
#1827=EDGE_CURVE('',#1819,#1826,#1822,.T.);
#1828=ORIENTED_EDGE('',*,*,#1827,.T.);
#1829=(
BOUNDED_CURVE()
B_SPLINE_CURVE(1,(#1830,#1831),.UNSPECIFIED.,.F.,.F.)
B_SPLINE_CURVE_WITH_KNOTS((2,2),(0.000,1.000),.UNSPECIFIED.)
CURVE()
GEOMETRIC_REPRESENTATION_ITEM()
RATIONAL_B_SPLINE_CURVE((1.0000000000,1.0000000000))
REPRESENTATION_ITEM('')
);
#1830=CARTESIAN_POINT('',(80.0000000000,-59.3870000000,56.2870695251));
#1831=CARTESIAN_POINT('',(80.0000000000,-59.3870000000,59.0923159445));

#1832=CARTESIAN_POINT('',(80.0000000000,-59.3870000000,59.0923159445));
#1833=VERTEX_POINT('',#1832);
#1834=EDGE_CURVE('',#1826,#1833,#1829,.T.);
#1835=ORIENTED_EDGE('',*,*,#1834,.T.);
#1836=(
BOUNDED_CURVE()
B_SPLINE_CURVE(1,(#1837,#1838),.UNSPECIFIED.,.F.,.F.)
B_SPLINE_CURVE_WITH_KNOTS((2,2),(0.000,1.000),.UNSPECIFIED.)
CURVE()
GEOMETRIC_REPRESENTATION_ITEM()
RATIONAL_B_SPLINE_CURVE((1.0000000000,1.0000000000))
REPRESENTATION_ITEM('')
);
#1837=CARTESIAN_POINT('',(80.0000000000,-59.3870000000,59.0923159445));
#1838=CARTESIAN_POINT('',(80.0000000000,0.0000000000,59.0923159445));

#1839=EDGE_CURVE('',#1833,#1814,#1836,.T.);
#1840=ORIENTED_EDGE('',*,*,#1839,.T.);
#1841=EDGE_LOOP('',(#1821,#1828,#1835,#1840));
#1842=FACE_OUTER_BOUND('',#1841,.T.);
#1843=ADVANCED_FACE('',(#1842),#1808,.T.);
#1844=COLOUR_RGB('',0.39,0.39,0.39);
#1845=FILL_AREA_STYLE_COLOUR('',#1844);
#1846=FILL_AREA_STYLE('',(#1845));
#1847=SURFACE_STYLE_FILL_AREA(#1846);
#1848=SURFACE_STYLE_TRANSPARENT(0.00);
#1849=SURFACE_STYLE_RENDERING_WITH_PROPERTIES(.NORMAL_SHADING.,#1844,(#1848));
#1850=SURFACE_SIDE_STYLE('',(#1847, #1849));
#1851=SURFACE_STYLE_USAGE(.BOTH.,#1850);
#1852=PRESENTATION_STYLE_ASSIGNMENT((#1851));
#1853=STYLED_ITEM('',(#1852),#1843);

#1854=(
BOUNDED_SURFACE()
B_SPLINE_SURFACE(1,1,((#1855,#1856),(#1857,#1858)),.UNSPECIFIED.,.F.,.F.,.F.)
B_SPLINE_SURFACE_WITH_KNOTS((2,2),(2,2),(0.000,1.000),(0.000,1.000),.UNSPECIFIED.)
GEOMETRIC_REPRESENTATION_ITEM()
RATIONAL_B_SPLINE_SURFACE(((1.0000000000,1.0000000000),(1.0000000000,1.0000000000)))
REPRESENTATION_ITEM('')
SURFACE()
);
#1855=CARTESIAN_POINT('',(79.9394702954,-59.3870000000,93.5655866139));
#1856=CARTESIAN_POINT('',(79.9394702954,0.0000000000,93.5655866139));
#1857=CARTESIAN_POINT('',(79.9394702954,-59.3870000000,59.0923159445));
#1858=CARTESIAN_POINT('',(79.9394702954,0.0000000000,59.0923159445));

#1859=CARTESIAN_POINT('',(79.9394702954,0.0000000000,59.0923159445));
#1860=VERTEX_POINT('',#1859);
#1861=(
BOUNDED_CURVE()
B_SPLINE_CURVE(1,(#1862,#1863),.UNSPECIFIED.,.F.,.F.)
B_SPLINE_CURVE_WITH_KNOTS((2,2),(0.000,1.000),.UNSPECIFIED.)
CURVE()
GEOMETRIC_REPRESENTATION_ITEM()
RATIONAL_B_SPLINE_CURVE((1.0000000000,1.0000000000))
REPRESENTATION_ITEM('')
);
#1862=CARTESIAN_POINT('',(79.9394702954,0.0000000000,59.0923159445));
#1863=CARTESIAN_POINT('',(79.9394702954,-59.3870000000,59.0923159445));

#1864=CARTESIAN_POINT('',(79.9394702954,-59.3870000000,59.0923159445));
#1865=VERTEX_POINT('',#1864);
#1866=EDGE_CURVE('',#1860,#1865,#1861,.T.);
#1867=ORIENTED_EDGE('',*,*,#1866,.T.);
#1868=(
BOUNDED_CURVE()
B_SPLINE_CURVE(1,(#1869,#1870),.UNSPECIFIED.,.F.,.F.)
B_SPLINE_CURVE_WITH_KNOTS((2,2),(0.000,1.000),.UNSPECIFIED.)
CURVE()
GEOMETRIC_REPRESENTATION_ITEM()
RATIONAL_B_SPLINE_CURVE((1.0000000000,1.0000000000))
REPRESENTATION_ITEM('')
);
#1869=CARTESIAN_POINT('',(79.9394702954,-59.3870000000,59.0923159445));
#1870=CARTESIAN_POINT('',(79.9394702954,-29.6935000000,93.5655866139));

#1871=CARTESIAN_POINT('',(79.9394702954,-29.6935000000,93.5655866139));
#1872=VERTEX_POINT('',#1871);
#1873=EDGE_CURVE('',#1865,#1872,#1868,.T.);
#1874=ORIENTED_EDGE('',*,*,#1873,.T.);
#1875=(
BOUNDED_CURVE()
B_SPLINE_CURVE(1,(#1876,#1877),.UNSPECIFIED.,.F.,.F.)
B_SPLINE_CURVE_WITH_KNOTS((2,2),(0.000,1.000),.UNSPECIFIED.)
CURVE()
GEOMETRIC_REPRESENTATION_ITEM()
RATIONAL_B_SPLINE_CURVE((1.0000000000,1.0000000000))
REPRESENTATION_ITEM('')
);
#1876=CARTESIAN_POINT('',(79.9394702954,-29.6935000000,93.5655866139));
#1877=CARTESIAN_POINT('',(79.9394702954,0.0000000000,59.0923159445));

#1878=EDGE_CURVE('',#1872,#1860,#1875,.T.);
#1879=ORIENTED_EDGE('',*,*,#1878,.T.);
#1880=EDGE_LOOP('',(#1867,#1874,#1879));
#1881=FACE_OUTER_BOUND('',#1880,.T.);
#1882=CARTESIAN_POINT('',(79.9394702954,-12.7324341375,63.4570292234));
#1883=VERTEX_POINT('',#1882);
#1884=(
BOUNDED_CURVE()
B_SPLINE_CURVE(1,(#1885,#1886),.UNSPECIFIED.,.F.,.F.)
B_SPLINE_CURVE_WITH_KNOTS((2,2),(0.000,1.000),.UNSPECIFIED.)
CURVE()
GEOMETRIC_REPRESENTATION_ITEM()
RATIONAL_B_SPLINE_CURVE((1.0000000000,1.0000000000))
REPRESENTATION_ITEM('')
);
#1885=CARTESIAN_POINT('',(79.9394702954,-12.7324341375,63.4570292234));
#1886=CARTESIAN_POINT('',(79.9394702954,-29.7217548069,85.9187514756));

#1887=CARTESIAN_POINT('',(79.9394702954,-29.7217548069,85.9187514756));
#1888=VERTEX_POINT('',#1887);
#1889=EDGE_CURVE('',#1883,#1888,#1884,.T.);
#1890=ORIENTED_EDGE('',*,*,#1889,.T.);
#1891=(
BOUNDED_CURVE()
B_SPLINE_CURVE(1,(#1892,#1893),.UNSPECIFIED.,.F.,.F.)
B_SPLINE_CURVE_WITH_KNOTS((2,2),(0.000,1.000),.UNSPECIFIED.)
CURVE()
GEOMETRIC_REPRESENTATION_ITEM()
RATIONAL_B_SPLINE_CURVE((1.0000000000,1.0000000000))
REPRESENTATION_ITEM('')
);
#1892=CARTESIAN_POINT('',(79.9394702954,-29.7217548069,85.9187514756));
#1893=CARTESIAN_POINT('',(79.9394702954,-46.7110754763,63.4570292234));

#1894=CARTESIAN_POINT('',(79.9394702954,-46.7110754763,63.4570292234));
#1895=VERTEX_POINT('',#1894);
#1896=EDGE_CURVE('',#1888,#1895,#1891,.T.);
#1897=ORIENTED_EDGE('',*,*,#1896,.T.);
#1898=(
BOUNDED_CURVE()
B_SPLINE_CURVE(1,(#1899,#1900),.UNSPECIFIED.,.F.,.F.)
B_SPLINE_CURVE_WITH_KNOTS((2,2),(0.000,1.000),.UNSPECIFIED.)
CURVE()
GEOMETRIC_REPRESENTATION_ITEM()
RATIONAL_B_SPLINE_CURVE((1.0000000000,1.0000000000))
REPRESENTATION_ITEM('')
);
#1899=CARTESIAN_POINT('',(79.9394702954,-46.7110754763,63.4570292234));
#1900=CARTESIAN_POINT('',(79.9394702954,-12.7324341375,63.4570292234));

#1901=EDGE_CURVE('',#1895,#1883,#1898,.T.);
#1902=ORIENTED_EDGE('',*,*,#1901,.T.);
#1903=EDGE_LOOP('',(#1890,#1897,#1902));
#1904=FACE_BOUND('',#1903,.T.);
#1905=ADVANCED_FACE('',(#1881,#1904),#1854,.T.);
#1906=COLOUR_RGB('',0.39,0.39,0.39);
#1907=FILL_AREA_STYLE_COLOUR('',#1906);
#1908=FILL_AREA_STYLE('',(#1907));
#1909=SURFACE_STYLE_FILL_AREA(#1908);
#1910=SURFACE_STYLE_TRANSPARENT(0.00);
#1911=SURFACE_STYLE_RENDERING_WITH_PROPERTIES(.NORMAL_SHADING.,#1906,(#1910));
#1912=SURFACE_SIDE_STYLE('',(#1909, #1911));
#1913=SURFACE_STYLE_USAGE(.BOTH.,#1912);
#1914=PRESENTATION_STYLE_ASSIGNMENT((#1913));
#1915=STYLED_ITEM('',(#1914),#1905);

#1916=(
BOUNDED_SURFACE()
B_SPLINE_SURFACE(1,1,((#1917,#1918),(#1919,#1920)),.UNSPECIFIED.,.F.,.F.,.F.)
B_SPLINE_SURFACE_WITH_KNOTS((2,2),(2,2),(0.000,1.000),(0.000,1.000),.UNSPECIFIED.)
GEOMETRIC_REPRESENTATION_ITEM()
RATIONAL_B_SPLINE_SURFACE(((1.0000000000,1.0000000000),(1.0000000000,1.0000000000)))
REPRESENTATION_ITEM('')
SURFACE()
);
#1917=CARTESIAN_POINT('',(79.9394702954,-59.3870000000,59.0923159445));
#1918=CARTESIAN_POINT('',(0.0000000000,-59.3870000000,59.0923159445));
#1919=CARTESIAN_POINT('',(79.9394702954,-29.6935000000,93.5655866139));
#1920=CARTESIAN_POINT('',(0.0000000000,-29.6935000000,93.5655866139));

#1921=CARTESIAN_POINT('',(0.0000000000,-59.3870000000,59.0923159445));
#1922=VERTEX_POINT('',#1921);
#1923=(
BOUNDED_CURVE()
B_SPLINE_CURVE(1,(#1924,#1925),.UNSPECIFIED.,.F.,.F.)
B_SPLINE_CURVE_WITH_KNOTS((2,2),(0.000,1.000),.UNSPECIFIED.)
CURVE()
GEOMETRIC_REPRESENTATION_ITEM()
RATIONAL_B_SPLINE_CURVE((1.0000000000,1.0000000000))
REPRESENTATION_ITEM('')
);
#1924=CARTESIAN_POINT('',(0.0000000000,-59.3870000000,59.0923159445));
#1925=CARTESIAN_POINT('',(0.0000000000,-29.6935000000,93.5655866139));

#1926=CARTESIAN_POINT('',(0.0000000000,-29.6935000000,93.5655866139));
#1927=VERTEX_POINT('',#1926);
#1928=EDGE_CURVE('',#1922,#1927,#1923,.T.);
#1929=ORIENTED_EDGE('',*,*,#1928,.T.);
#1930=(
BOUNDED_CURVE()
B_SPLINE_CURVE(1,(#1931,#1932),.UNSPECIFIED.,.F.,.F.)
B_SPLINE_CURVE_WITH_KNOTS((2,2),(0.000,1.000),.UNSPECIFIED.)
CURVE()
GEOMETRIC_REPRESENTATION_ITEM()
RATIONAL_B_SPLINE_CURVE((1.0000000000,1.0000000000))
REPRESENTATION_ITEM('')
);
#1931=CARTESIAN_POINT('',(0.0000000000,-29.6935000000,93.5655866139));
#1932=CARTESIAN_POINT('',(79.9394702954,-29.6935000000,93.5655866139));

#1933=CARTESIAN_POINT('',(79.9394702954,-29.6935000000,93.5655866139));
#1934=VERTEX_POINT('',#1933);
#1935=EDGE_CURVE('',#1927,#1934,#1930,.T.);
#1936=ORIENTED_EDGE('',*,*,#1935,.T.);
#1937=(
BOUNDED_CURVE()
B_SPLINE_CURVE(1,(#1938,#1939),.UNSPECIFIED.,.F.,.F.)
B_SPLINE_CURVE_WITH_KNOTS((2,2),(0.000,1.000),.UNSPECIFIED.)
CURVE()
GEOMETRIC_REPRESENTATION_ITEM()
RATIONAL_B_SPLINE_CURVE((1.0000000000,1.0000000000))
REPRESENTATION_ITEM('')
);
#1938=CARTESIAN_POINT('',(79.9394702954,-29.6935000000,93.5655866139));
#1939=CARTESIAN_POINT('',(79.9394702954,-59.3870000000,59.0923159445));

#1940=CARTESIAN_POINT('',(79.9394702954,-59.3870000000,59.0923159445));
#1941=VERTEX_POINT('',#1940);
#1942=EDGE_CURVE('',#1934,#1941,#1937,.T.);
#1943=ORIENTED_EDGE('',*,*,#1942,.T.);
#1944=(
BOUNDED_CURVE()
B_SPLINE_CURVE(1,(#1945,#1946),.UNSPECIFIED.,.F.,.F.)
B_SPLINE_CURVE_WITH_KNOTS((2,2),(0.000,1.000),.UNSPECIFIED.)
CURVE()
GEOMETRIC_REPRESENTATION_ITEM()
RATIONAL_B_SPLINE_CURVE((1.0000000000,1.0000000000))
REPRESENTATION_ITEM('')
);
#1945=CARTESIAN_POINT('',(79.9394702954,-59.3870000000,59.0923159445));
#1946=CARTESIAN_POINT('',(0.0000000000,-59.3870000000,59.0923159445));

#1947=EDGE_CURVE('',#1941,#1922,#1944,.T.);
#1948=ORIENTED_EDGE('',*,*,#1947,.T.);
#1949=EDGE_LOOP('',(#1929,#1936,#1943,#1948));
#1950=FACE_OUTER_BOUND('',#1949,.T.);
#1951=ADVANCED_FACE('',(#1950),#1916,.T.);
#1952=COLOUR_RGB('',0.39,0.39,0.39);
#1953=FILL_AREA_STYLE_COLOUR('',#1952);
#1954=FILL_AREA_STYLE('',(#1953));
#1955=SURFACE_STYLE_FILL_AREA(#1954);
#1956=SURFACE_STYLE_TRANSPARENT(0.00);
#1957=SURFACE_STYLE_RENDERING_WITH_PROPERTIES(.NORMAL_SHADING.,#1952,(#1956));
#1958=SURFACE_SIDE_STYLE('',(#1955, #1957));
#1959=SURFACE_STYLE_USAGE(.BOTH.,#1958);
#1960=PRESENTATION_STYLE_ASSIGNMENT((#1959));
#1961=STYLED_ITEM('',(#1960),#1951);

#1962=(
BOUNDED_SURFACE()
B_SPLINE_SURFACE(1,1,((#1963,#1964),(#1965,#1966)),.UNSPECIFIED.,.F.,.F.,.F.)
B_SPLINE_SURFACE_WITH_KNOTS((2,2),(2,2),(0.000,1.000),(0.000,1.000),.UNSPECIFIED.)
GEOMETRIC_REPRESENTATION_ITEM()
RATIONAL_B_SPLINE_SURFACE(((1.0000000000,1.0000000000),(1.0000000000,1.0000000000)))
REPRESENTATION_ITEM('')
SURFACE()
);
#1963=CARTESIAN_POINT('',(79.9394702954,-29.6935000000,93.5655866139));
#1964=CARTESIAN_POINT('',(0.0000000000,-29.6935000000,93.5655866139));
#1965=CARTESIAN_POINT('',(79.9394702954,0.0000000000,59.0923159445));
#1966=CARTESIAN_POINT('',(0.0000000000,0.0000000000,59.0923159445));

#1967=CARTESIAN_POINT('',(79.9394702954,-29.6935000000,93.5655866139));
#1968=VERTEX_POINT('',#1967);
#1969=(
BOUNDED_CURVE()
B_SPLINE_CURVE(1,(#1970,#1971),.UNSPECIFIED.,.F.,.F.)
B_SPLINE_CURVE_WITH_KNOTS((2,2),(0.000,1.000),.UNSPECIFIED.)
CURVE()
GEOMETRIC_REPRESENTATION_ITEM()
RATIONAL_B_SPLINE_CURVE((1.0000000000,1.0000000000))
REPRESENTATION_ITEM('')
);
#1970=CARTESIAN_POINT('',(79.9394702954,-29.6935000000,93.5655866139));
#1971=CARTESIAN_POINT('',(0.0000000000,-29.6935000000,93.5655866139));

#1972=CARTESIAN_POINT('',(0.0000000000,-29.6935000000,93.5655866139));
#1973=VERTEX_POINT('',#1972);
#1974=EDGE_CURVE('',#1968,#1973,#1969,.T.);
#1975=ORIENTED_EDGE('',*,*,#1974,.T.);
#1976=(
BOUNDED_CURVE()
B_SPLINE_CURVE(1,(#1977,#1978),.UNSPECIFIED.,.F.,.F.)
B_SPLINE_CURVE_WITH_KNOTS((2,2),(0.000,1.000),.UNSPECIFIED.)
CURVE()
GEOMETRIC_REPRESENTATION_ITEM()
RATIONAL_B_SPLINE_CURVE((1.0000000000,1.0000000000))
REPRESENTATION_ITEM('')
);
#1977=CARTESIAN_POINT('',(0.0000000000,-29.6935000000,93.5655866139));
#1978=CARTESIAN_POINT('',(0.0000000000,0.0000000000,59.0923159445));

#1979=CARTESIAN_POINT('',(0.0000000000,0.0000000000,59.0923159445));
#1980=VERTEX_POINT('',#1979);
#1981=EDGE_CURVE('',#1973,#1980,#1976,.T.);
#1982=ORIENTED_EDGE('',*,*,#1981,.T.);
#1983=(
BOUNDED_CURVE()
B_SPLINE_CURVE(1,(#1984,#1985),.UNSPECIFIED.,.F.,.F.)
B_SPLINE_CURVE_WITH_KNOTS((2,2),(0.000,1.000),.UNSPECIFIED.)
CURVE()
GEOMETRIC_REPRESENTATION_ITEM()
RATIONAL_B_SPLINE_CURVE((1.0000000000,1.0000000000))
REPRESENTATION_ITEM('')
);
#1984=CARTESIAN_POINT('',(0.0000000000,0.0000000000,59.0923159445));
#1985=CARTESIAN_POINT('',(79.9394702954,0.0000000000,59.0923159445));

#1986=CARTESIAN_POINT('',(79.9394702954,0.0000000000,59.0923159445));
#1987=VERTEX_POINT('',#1986);
#1988=EDGE_CURVE('',#1980,#1987,#1983,.T.);
#1989=ORIENTED_EDGE('',*,*,#1988,.T.);
#1990=(
BOUNDED_CURVE()
B_SPLINE_CURVE(1,(#1991,#1992),.UNSPECIFIED.,.F.,.F.)
B_SPLINE_CURVE_WITH_KNOTS((2,2),(0.000,1.000),.UNSPECIFIED.)
CURVE()
GEOMETRIC_REPRESENTATION_ITEM()
RATIONAL_B_SPLINE_CURVE((1.0000000000,1.0000000000))
REPRESENTATION_ITEM('')
);
#1991=CARTESIAN_POINT('',(79.9394702954,0.0000000000,59.0923159445));
#1992=CARTESIAN_POINT('',(79.9394702954,-29.6935000000,93.5655866139));

#1993=EDGE_CURVE('',#1987,#1968,#1990,.T.);
#1994=ORIENTED_EDGE('',*,*,#1993,.T.);
#1995=EDGE_LOOP('',(#1975,#1982,#1989,#1994));
#1996=FACE_OUTER_BOUND('',#1995,.T.);
#1997=ADVANCED_FACE('',(#1996),#1962,.T.);
#1998=COLOUR_RGB('',0.39,0.39,0.39);
#1999=FILL_AREA_STYLE_COLOUR('',#1998);
#2000=FILL_AREA_STYLE('',(#1999));
#2001=SURFACE_STYLE_FILL_AREA(#2000);
#2002=SURFACE_STYLE_TRANSPARENT(0.00);
#2003=SURFACE_STYLE_RENDERING_WITH_PROPERTIES(.NORMAL_SHADING.,#1998,(#2002));
#2004=SURFACE_SIDE_STYLE('',(#2001, #2003));
#2005=SURFACE_STYLE_USAGE(.BOTH.,#2004);
#2006=PRESENTATION_STYLE_ASSIGNMENT((#2005));
#2007=STYLED_ITEM('',(#2006),#1997);

#2008=(
BOUNDED_SURFACE()
B_SPLINE_SURFACE(1,1,((#2009,#2010),(#2011,#2012)),.UNSPECIFIED.,.F.,.F.,.F.)
B_SPLINE_SURFACE_WITH_KNOTS((2,2),(2,2),(0.000,1.000),(0.000,1.000),.UNSPECIFIED.)
GEOMETRIC_REPRESENTATION_ITEM()
RATIONAL_B_SPLINE_SURFACE(((1.0000000000,1.0000000000),(1.0000000000,1.0000000000)))
REPRESENTATION_ITEM('')
SURFACE()
);
#2009=CARTESIAN_POINT('',(79.9394702954,-29.7217548069,85.9187514756));
#2010=CARTESIAN_POINT('',(0.0000000000,-29.7217548069,85.9187514756));
#2011=CARTESIAN_POINT('',(79.9394702954,-46.7110754763,63.4570292234));
#2012=CARTESIAN_POINT('',(0.0000000000,-46.7110754763,63.4570292234));

#2013=CARTESIAN_POINT('',(0.0000000000,-29.7217548069,85.9187514756));
#2014=VERTEX_POINT('',#2013);
#2015=(
BOUNDED_CURVE()
B_SPLINE_CURVE(1,(#2016,#2017),.UNSPECIFIED.,.F.,.F.)
B_SPLINE_CURVE_WITH_KNOTS((2,2),(0.000,1.000),.UNSPECIFIED.)
CURVE()
GEOMETRIC_REPRESENTATION_ITEM()
RATIONAL_B_SPLINE_CURVE((1.0000000000,1.0000000000))
REPRESENTATION_ITEM('')
);
#2016=CARTESIAN_POINT('',(0.0000000000,-29.7217548069,85.9187514756));
#2017=CARTESIAN_POINT('',(0.0000000000,-46.7110754763,63.4570292234));

#2018=CARTESIAN_POINT('',(0.0000000000,-46.7110754763,63.4570292234));
#2019=VERTEX_POINT('',#2018);
#2020=EDGE_CURVE('',#2014,#2019,#2015,.T.);
#2021=ORIENTED_EDGE('',*,*,#2020,.T.);
#2022=(
BOUNDED_CURVE()
B_SPLINE_CURVE(1,(#2023,#2024),.UNSPECIFIED.,.F.,.F.)
B_SPLINE_CURVE_WITH_KNOTS((2,2),(0.000,1.000),.UNSPECIFIED.)
CURVE()
GEOMETRIC_REPRESENTATION_ITEM()
RATIONAL_B_SPLINE_CURVE((1.0000000000,1.0000000000))
REPRESENTATION_ITEM('')
);
#2023=CARTESIAN_POINT('',(0.0000000000,-46.7110754763,63.4570292234));
#2024=CARTESIAN_POINT('',(79.9394702954,-46.7110754763,63.4570292234));

#2025=CARTESIAN_POINT('',(79.9394702954,-46.7110754763,63.4570292234));
#2026=VERTEX_POINT('',#2025);
#2027=EDGE_CURVE('',#2019,#2026,#2022,.T.);
#2028=ORIENTED_EDGE('',*,*,#2027,.T.);
#2029=(
BOUNDED_CURVE()
B_SPLINE_CURVE(1,(#2030,#2031),.UNSPECIFIED.,.F.,.F.)
B_SPLINE_CURVE_WITH_KNOTS((2,2),(0.000,1.000),.UNSPECIFIED.)
CURVE()
GEOMETRIC_REPRESENTATION_ITEM()
RATIONAL_B_SPLINE_CURVE((1.0000000000,1.0000000000))
REPRESENTATION_ITEM('')
);
#2030=CARTESIAN_POINT('',(79.9394702954,-46.7110754763,63.4570292234));
#2031=CARTESIAN_POINT('',(79.9394702954,-29.7217548069,85.9187514756));

#2032=CARTESIAN_POINT('',(79.9394702954,-29.7217548069,85.9187514756));
#2033=VERTEX_POINT('',#2032);
#2034=EDGE_CURVE('',#2026,#2033,#2029,.T.);
#2035=ORIENTED_EDGE('',*,*,#2034,.T.);
#2036=(
BOUNDED_CURVE()
B_SPLINE_CURVE(1,(#2037,#2038),.UNSPECIFIED.,.F.,.F.)
B_SPLINE_CURVE_WITH_KNOTS((2,2),(0.000,1.000),.UNSPECIFIED.)
CURVE()
GEOMETRIC_REPRESENTATION_ITEM()
RATIONAL_B_SPLINE_CURVE((1.0000000000,1.0000000000))
REPRESENTATION_ITEM('')
);
#2037=CARTESIAN_POINT('',(79.9394702954,-29.7217548069,85.9187514756));
#2038=CARTESIAN_POINT('',(0.0000000000,-29.7217548069,85.9187514756));

#2039=EDGE_CURVE('',#2033,#2014,#2036,.T.);
#2040=ORIENTED_EDGE('',*,*,#2039,.T.);
#2041=EDGE_LOOP('',(#2021,#2028,#2035,#2040));
#2042=FACE_OUTER_BOUND('',#2041,.T.);
#2043=ADVANCED_FACE('',(#2042),#2008,.T.);
#2044=COLOUR_RGB('',0.39,0.39,0.39);
#2045=FILL_AREA_STYLE_COLOUR('',#2044);
#2046=FILL_AREA_STYLE('',(#2045));
#2047=SURFACE_STYLE_FILL_AREA(#2046);
#2048=SURFACE_STYLE_TRANSPARENT(0.00);
#2049=SURFACE_STYLE_RENDERING_WITH_PROPERTIES(.NORMAL_SHADING.,#2044,(#2048));
#2050=SURFACE_SIDE_STYLE('',(#2047, #2049));
#2051=SURFACE_STYLE_USAGE(.BOTH.,#2050);
#2052=PRESENTATION_STYLE_ASSIGNMENT((#2051));
#2053=STYLED_ITEM('',(#2052),#2043);

#2054=(
BOUNDED_SURFACE()
B_SPLINE_SURFACE(1,1,((#2055,#2056),(#2057,#2058)),.UNSPECIFIED.,.F.,.F.,.F.)
B_SPLINE_SURFACE_WITH_KNOTS((2,2),(2,2),(0.000,1.000),(0.000,1.000),.UNSPECIFIED.)
GEOMETRIC_REPRESENTATION_ITEM()
RATIONAL_B_SPLINE_SURFACE(((1.0000000000,1.0000000000),(1.0000000000,1.0000000000)))
REPRESENTATION_ITEM('')
SURFACE()
);
#2055=CARTESIAN_POINT('',(79.9394702954,-46.7110754763,63.4570292234));
#2056=CARTESIAN_POINT('',(0.0000000000,-46.7110754763,63.4570292234));
#2057=CARTESIAN_POINT('',(79.9394702954,-12.7324341375,63.4570292234));
#2058=CARTESIAN_POINT('',(0.0000000000,-12.7324341375,63.4570292234));

#2059=CARTESIAN_POINT('',(0.0000000000,-46.7110754763,63.4570292234));
#2060=VERTEX_POINT('',#2059);
#2061=(
BOUNDED_CURVE()
B_SPLINE_CURVE(1,(#2062,#2063),.UNSPECIFIED.,.F.,.F.)
B_SPLINE_CURVE_WITH_KNOTS((2,2),(0.000,1.000),.UNSPECIFIED.)
CURVE()
GEOMETRIC_REPRESENTATION_ITEM()
RATIONAL_B_SPLINE_CURVE((1.0000000000,1.0000000000))
REPRESENTATION_ITEM('')
);
#2062=CARTESIAN_POINT('',(0.0000000000,-46.7110754763,63.4570292234));
#2063=CARTESIAN_POINT('',(0.0000000000,-12.7324341375,63.4570292234));

#2064=CARTESIAN_POINT('',(0.0000000000,-12.7324341375,63.4570292234));
#2065=VERTEX_POINT('',#2064);
#2066=EDGE_CURVE('',#2060,#2065,#2061,.T.);
#2067=ORIENTED_EDGE('',*,*,#2066,.T.);
#2068=(
BOUNDED_CURVE()
B_SPLINE_CURVE(1,(#2069,#2070),.UNSPECIFIED.,.F.,.F.)
B_SPLINE_CURVE_WITH_KNOTS((2,2),(0.000,1.000),.UNSPECIFIED.)
CURVE()
GEOMETRIC_REPRESENTATION_ITEM()
RATIONAL_B_SPLINE_CURVE((1.0000000000,1.0000000000))
REPRESENTATION_ITEM('')
);
#2069=CARTESIAN_POINT('',(0.0000000000,-12.7324341375,63.4570292234));
#2070=CARTESIAN_POINT('',(79.9394702954,-12.7324341375,63.4570292234));

#2071=CARTESIAN_POINT('',(79.9394702954,-12.7324341375,63.4570292234));
#2072=VERTEX_POINT('',#2071);
#2073=EDGE_CURVE('',#2065,#2072,#2068,.T.);
#2074=ORIENTED_EDGE('',*,*,#2073,.T.);
#2075=(
BOUNDED_CURVE()
B_SPLINE_CURVE(1,(#2076,#2077),.UNSPECIFIED.,.F.,.F.)
B_SPLINE_CURVE_WITH_KNOTS((2,2),(0.000,1.000),.UNSPECIFIED.)
CURVE()
GEOMETRIC_REPRESENTATION_ITEM()
RATIONAL_B_SPLINE_CURVE((1.0000000000,1.0000000000))
REPRESENTATION_ITEM('')
);
#2076=CARTESIAN_POINT('',(79.9394702954,-12.7324341375,63.4570292234));
#2077=CARTESIAN_POINT('',(79.9394702954,-46.7110754763,63.4570292234));

#2078=CARTESIAN_POINT('',(79.9394702954,-46.7110754763,63.4570292234));
#2079=VERTEX_POINT('',#2078);
#2080=EDGE_CURVE('',#2072,#2079,#2075,.T.);
#2081=ORIENTED_EDGE('',*,*,#2080,.T.);
#2082=(
BOUNDED_CURVE()
B_SPLINE_CURVE(1,(#2083,#2084),.UNSPECIFIED.,.F.,.F.)
B_SPLINE_CURVE_WITH_KNOTS((2,2),(0.000,1.000),.UNSPECIFIED.)
CURVE()
GEOMETRIC_REPRESENTATION_ITEM()
RATIONAL_B_SPLINE_CURVE((1.0000000000,1.0000000000))
REPRESENTATION_ITEM('')
);
#2083=CARTESIAN_POINT('',(79.9394702954,-46.7110754763,63.4570292234));
#2084=CARTESIAN_POINT('',(0.0000000000,-46.7110754763,63.4570292234));

#2085=EDGE_CURVE('',#2079,#2060,#2082,.T.);
#2086=ORIENTED_EDGE('',*,*,#2085,.T.);
#2087=EDGE_LOOP('',(#2067,#2074,#2081,#2086));
#2088=FACE_OUTER_BOUND('',#2087,.T.);
#2089=ADVANCED_FACE('',(#2088),#2054,.T.);
#2090=COLOUR_RGB('',0.39,0.39,0.39);
#2091=FILL_AREA_STYLE_COLOUR('',#2090);
#2092=FILL_AREA_STYLE('',(#2091));
#2093=SURFACE_STYLE_FILL_AREA(#2092);
#2094=SURFACE_STYLE_TRANSPARENT(0.00);
#2095=SURFACE_STYLE_RENDERING_WITH_PROPERTIES(.NORMAL_SHADING.,#2090,(#2094));
#2096=SURFACE_SIDE_STYLE('',(#2093, #2095));
#2097=SURFACE_STYLE_USAGE(.BOTH.,#2096);
#2098=PRESENTATION_STYLE_ASSIGNMENT((#2097));
#2099=STYLED_ITEM('',(#2098),#2089);

#2100=(
BOUNDED_SURFACE()
B_SPLINE_SURFACE(1,1,((#2101,#2102),(#2103,#2104)),.UNSPECIFIED.,.F.,.F.,.F.)
B_SPLINE_SURFACE_WITH_KNOTS((2,2),(2,2),(0.000,1.000),(0.000,1.000),.UNSPECIFIED.)
GEOMETRIC_REPRESENTATION_ITEM()
RATIONAL_B_SPLINE_SURFACE(((1.0000000000,1.0000000000),(1.0000000000,1.0000000000)))
REPRESENTATION_ITEM('')
SURFACE()
);
#2101=CARTESIAN_POINT('',(79.9394702954,-12.7324341375,63.4570292234));
#2102=CARTESIAN_POINT('',(0.0000000000,-12.7324341375,63.4570292234));
#2103=CARTESIAN_POINT('',(79.9394702954,-29.7217548069,85.9187514756));
#2104=CARTESIAN_POINT('',(0.0000000000,-29.7217548069,85.9187514756));

#2105=CARTESIAN_POINT('',(0.0000000000,-12.7324341375,63.4570292234));
#2106=VERTEX_POINT('',#2105);
#2107=(
BOUNDED_CURVE()
B_SPLINE_CURVE(1,(#2108,#2109),.UNSPECIFIED.,.F.,.F.)
B_SPLINE_CURVE_WITH_KNOTS((2,2),(0.000,1.000),.UNSPECIFIED.)
CURVE()
GEOMETRIC_REPRESENTATION_ITEM()
RATIONAL_B_SPLINE_CURVE((1.0000000000,1.0000000000))
REPRESENTATION_ITEM('')
);
#2108=CARTESIAN_POINT('',(0.0000000000,-12.7324341375,63.4570292234));
#2109=CARTESIAN_POINT('',(0.0000000000,-29.7217548069,85.9187514756));

#2110=CARTESIAN_POINT('',(0.0000000000,-29.7217548069,85.9187514756));
#2111=VERTEX_POINT('',#2110);
#2112=EDGE_CURVE('',#2106,#2111,#2107,.T.);
#2113=ORIENTED_EDGE('',*,*,#2112,.T.);
#2114=(
BOUNDED_CURVE()
B_SPLINE_CURVE(1,(#2115,#2116),.UNSPECIFIED.,.F.,.F.)
B_SPLINE_CURVE_WITH_KNOTS((2,2),(0.000,1.000),.UNSPECIFIED.)
CURVE()
GEOMETRIC_REPRESENTATION_ITEM()
RATIONAL_B_SPLINE_CURVE((1.0000000000,1.0000000000))
REPRESENTATION_ITEM('')
);
#2115=CARTESIAN_POINT('',(0.0000000000,-29.7217548069,85.9187514756));
#2116=CARTESIAN_POINT('',(79.9394702954,-29.7217548069,85.9187514756));

#2117=CARTESIAN_POINT('',(79.9394702954,-29.7217548069,85.9187514756));
#2118=VERTEX_POINT('',#2117);
#2119=EDGE_CURVE('',#2111,#2118,#2114,.T.);
#2120=ORIENTED_EDGE('',*,*,#2119,.T.);
#2121=(
BOUNDED_CURVE()
B_SPLINE_CURVE(1,(#2122,#2123),.UNSPECIFIED.,.F.,.F.)
B_SPLINE_CURVE_WITH_KNOTS((2,2),(0.000,1.000),.UNSPECIFIED.)
CURVE()
GEOMETRIC_REPRESENTATION_ITEM()
RATIONAL_B_SPLINE_CURVE((1.0000000000,1.0000000000))
REPRESENTATION_ITEM('')
);
#2122=CARTESIAN_POINT('',(79.9394702954,-29.7217548069,85.9187514756));
#2123=CARTESIAN_POINT('',(79.9394702954,-12.7324341375,63.4570292234));

#2124=CARTESIAN_POINT('',(79.9394702954,-12.7324341375,63.4570292234));
#2125=VERTEX_POINT('',#2124);
#2126=EDGE_CURVE('',#2118,#2125,#2121,.T.);
#2127=ORIENTED_EDGE('',*,*,#2126,.T.);
#2128=(
BOUNDED_CURVE()
B_SPLINE_CURVE(1,(#2129,#2130),.UNSPECIFIED.,.F.,.F.)
B_SPLINE_CURVE_WITH_KNOTS((2,2),(0.000,1.000),.UNSPECIFIED.)
CURVE()
GEOMETRIC_REPRESENTATION_ITEM()
RATIONAL_B_SPLINE_CURVE((1.0000000000,1.0000000000))
REPRESENTATION_ITEM('')
);
#2129=CARTESIAN_POINT('',(79.9394702954,-12.7324341375,63.4570292234));
#2130=CARTESIAN_POINT('',(0.0000000000,-12.7324341375,63.4570292234));

#2131=EDGE_CURVE('',#2125,#2106,#2128,.T.);
#2132=ORIENTED_EDGE('',*,*,#2131,.T.);
#2133=EDGE_LOOP('',(#2113,#2120,#2127,#2132));
#2134=FACE_OUTER_BOUND('',#2133,.T.);
#2135=ADVANCED_FACE('',(#2134),#2100,.T.);
#2136=COLOUR_RGB('',0.39,0.39,0.39);
#2137=FILL_AREA_STYLE_COLOUR('',#2136);
#2138=FILL_AREA_STYLE('',(#2137));
#2139=SURFACE_STYLE_FILL_AREA(#2138);
#2140=SURFACE_STYLE_TRANSPARENT(0.00);
#2141=SURFACE_STYLE_RENDERING_WITH_PROPERTIES(.NORMAL_SHADING.,#2136,(#2140));
#2142=SURFACE_SIDE_STYLE('',(#2139, #2141));
#2143=SURFACE_STYLE_USAGE(.BOTH.,#2142);
#2144=PRESENTATION_STYLE_ASSIGNMENT((#2143));
#2145=STYLED_ITEM('',(#2144),#2135);

#2146=CLOSED_SHELL('',(#371,#417,#463,#509,#555,#601,#651,#701,#751,#801,#851,#901,#951,#1001,#1051,#1101,#1151,#1201,#1251,#1301,#1351,#1401,#1447,#1629,#1675,#1751,#1797,#1843,#1905,#1951,#1997,#2043,#2089,#2135));
#2147=MANIFOLD_SOLID_BREP('brep',#2146);
#2148=ADVANCED_BREP_SHAPE_REPRESENTATION('',(#2147,#170),#168);
#2149=SHAPE_REPRESENTATION_RELATIONSHIP($,$,#169,#2148);

ENDSEC;

END-ISO-10303-21;
